Unity Editor version:    6000.2.2f1 (ea398eefe1c2)
Branch:                  6000.2/staging
Build type:              Release
Batch mode:              YES
System name:             Linux
Distro version:          #1 SMP PREEMPT_DYNAMIC Thu Jan  8 17:35:49 UTC 2026
Kernel version:          6.18.4-200.fc43.x86_64
Architecture:            x86_64
Window Protocol:         Wayland (XWayland)
Available memory:        15880 MB
Date:                    2026-02-02T10:37:34Z
[Licensing::Module] Trying to connect to existing licensing client channel...
[Licensing::IpcConnector] Successfully connected to: "LicenseClient-numlock" at "2026-02-02T10:37:34.065989Z"
[SignatureVerifier] Application signature verification not supported on this platform.
[Licensing::Client] Handshaking with LicensingClient:
  Version:                 1.17.4+4293ba1
  Session Id:              db87785c2c1a426c9c9b5edaf2071a5a
  Correlation Id:          150e9c120a5e2073fa05bdfdd7b86d83
  External correlation Id: 9185862618324897082
  Machine Id:              jIZ9yGKsSSfEcT3CAQnXTyT73GU=
[Licensing::Module] Successfully connected to LicensingClient on channel: "LicenseClient-numlock" (connect: 0.00s, validation: 0.00s, handshake: 0.00s)
[Licensing::IpcConnector] Successfully connected to: "LicenseClient-numlock-notifications" at "2026-02-02T10:37:34.067369Z"
[Licensing::Module] Licensing Background thread has ended after 0.00s
Selected window backend: (null) 
Desktop is 1600 x 900 @ 60 Hz
Initialize udev device monitor.

COMMAND LINE ARGUMENTS:
Unity
-adb2
-batchMode
-noUpm
-name
AssetImportWorker4
-projectPath
/home/numlock/UnityProj/MiniGames
-logFile
Logs/AssetImportWorker4.log
-srvPort
43195
-licensingIpc
LicenseClient-numlock
-job-worker-count
11
-background-job-worker-count
8
-gc-helper-count
1
Successfully changed project path to: /home/numlock/UnityProj/MiniGames

(Unity:519456): Gtk-CRITICAL **: 13:37:34.394: gtk_label_set_text: assertion 'GTK_IS_LABEL (label)' failed

(Unity:519456): Gtk-CRITICAL **: 13:37:34.394: gtk_label_set_text: assertion 'GTK_IS_LABEL (label)' failed
/home/numlock/UnityProj/MiniGames
[UnityMemory] Configuration Parameters - Can be set up in boot.config
    "memorysetup-allocator-temp-initial-block-size-main=262144"
    "memorysetup-allocator-temp-initial-block-size-worker=262144"
    "memorysetup-bucket-allocator-granularity=16"
    "memorysetup-bucket-allocator-bucket-count=8"
    "memorysetup-bucket-allocator-block-size=33554432"
    "memorysetup-bucket-allocator-block-count=8"
    "memorysetup-main-allocator-block-size=16777216"
    "memorysetup-thread-allocator-block-size=16777216"
    "memorysetup-gfx-main-allocator-block-size=16777216"
    "memorysetup-gfx-thread-allocator-block-size=16777216"
    "memorysetup-cache-allocator-block-size=4194304"
    "memorysetup-typetree-allocator-block-size=2097152"
    "memorysetup-profiler-bucket-allocator-granularity=16"
    "memorysetup-profiler-bucket-allocator-bucket-count=8"
    "memorysetup-profiler-bucket-allocator-block-size=33554432"
    "memorysetup-profiler-bucket-allocator-block-count=8"
    "memorysetup-profiler-allocator-block-size=16777216"
    "memorysetup-profiler-editor-allocator-block-size=1048576"
    "memorysetup-temp-allocator-size-main=16777216"
    "memorysetup-job-temp-allocator-block-size=2097152"
    "memorysetup-job-temp-allocator-block-size-background=1048576"
    "memorysetup-job-temp-allocator-reduction-small-platforms=262144"
    "memorysetup-temp-allocator-size-background-worker=32768"
    "memorysetup-temp-allocator-size-job-worker=262144"
    "memorysetup-temp-allocator-size-preload-manager=33554432"
    "memorysetup-temp-allocator-size-nav-mesh-worker=65536"
    "memorysetup-temp-allocator-size-audio-worker=65536"
    "memorysetup-temp-allocator-size-cloud-worker=32768"
    "memorysetup-temp-allocator-size-gi-baking-worker=262144"
    "memorysetup-temp-allocator-size-gi-baking-worker=262144"
    "memorysetup-temp-allocator-size-gi-baking-worker=262144"
    "memorysetup-temp-allocator-size-gi-baking-worker=262144"
    "memorysetup-temp-allocator-size-gi-baking-worker=262144"
    "memorysetup-temp-allocator-size-gfx=262144"
Player connection [139958359453056]  Target information:

Player connection [139958359453056]  * "[IP] 192.168.1.15 [Port] 0 [Flags] 2 [Guid] 2331434706 [EditorId] 2331434706 [Version] 1048832 [Id] LinuxEditor(16,192.168.1.15) [Debug] 1 [PackageName] LinuxEditor [ProjectName] Editor" 

Player connection [139958359453056] Host joined multi-casting on [225.0.0.222:54997]...
Player connection [139958359453056] Host joined alternative multi-casting on [225.0.0.222:34997]...
JobSystem: Creating JobQueue using job-worker-count value 11
Input System module state changed to: Initialized.
[Physics::Module] Initialized fallback backend.
[Physics::Module] Id: 0xdecafbad
Library Redirect Path: Library/
[Physics::Module] Selected backend.
[Physics::Module] Name: PhysX
[Physics::Module] Id: 0xf2b8ea05
[Physics::Module] SDK Version: 4.1.2
[Physics::Module] Integration Version: 1.0.0
[Physics::Module] Threading Mode: Multi-Threaded
[Licensing::Client] Successfully resolved entitlement details
[Licensing::Module] License group:
  Id: 10170872903135-UnityPersXXXX
  Product: Unity Personal
  Type: Assigned
  Expiration: Unlimited
Refreshing native plugins compatible for Editor in 2,91 ms, found 1 plugins.
Preloading 0 native plugins for Editor in 0,00 ms.
Initialize engine version: 6000.2.2f1 (ea398eefe1c2)
[Subsystems] Discovering subsystems at path /home/numlock/Unity/Hub/Editor/6000.2.2f1/Editor/Data/Resources/UnitySubsystems
[Subsystems] Discovering subsystems at path /home/numlock/UnityProj/MiniGames/Assets
kGfxThreadingModeNonThreaded is not supported on OpenGL Core. Reverting to kGfxThreadingModeDirect instead.
GfxDevice: creating device client; kGfxThreadingModeDirect
GLX Extensions: GLX_ARB_context_flush_control GLX_ARB_create_context GLX_ARB_create_context_no_error GLX_ARB_create_context_profile GLX_ARB_create_context_robustness GLX_ARB_fbconfig_float GLX_ARB_framebuffer_sRGB GLX_ARB_get_proc_address GLX_ARB_multisample GLX_EXT_buffer_age GLX_EXT_create_context_es2_profile GLX_EXT_create_context_es_profile GLX_EXT_fbconfig_packed_float GLX_EXT_framebuffer_sRGB GLX_EXT_no_config_context GLX_EXT_swap_control GLX_EXT_swap_control_tear GLX_EXT_texture_from_pixmap GLX_EXT_visual_info GLX_EXT_visual_rating GLX_MESA_copy_sub_buffer GLX_MESA_gl_interop GLX_MESA_query_renderer GLX_MESA_swap_control GLX_OML_sync_control GLX_SGIS_multisample GLX_SGIX_fbconfig GLX_SGIX_pbuffer GLX_SGIX_visual_select_group GLX_SGI_make_current_read GLX_SGI_video_sync 
Renderer: AMD TURKS (DRM 2.51.0 / 6.18.4-200.fc43.x86_64, LLVM 21.1.5)
Vendor:   Mesa
Version:  4.6 (Core Profile) Mesa 25.2.7
GLES:     0
 GL_AMD_conservative_depth GL_AMD_depth_clamp_separate GL_AMD_draw_buffers_blend GL_AMD_framebuffer_multisample_advanced GL_AMD_gpu_shader_int64 GL_AMD_multi_draw_indirect GL_AMD_performance_monitor GL_AMD_pinned_memory GL_AMD_query_buffer_object GL_AMD_seamless_cubemap_per_texture GL_AMD_shader_stencil_export GL_AMD_shader_trinary_minmax GL_AMD_texture_texture4 GL_AMD_vertex_shader_layer GL_AMD_vertex_shader_viewport_index GL_ANGLE_texture_compression_dxt3 GL_ANGLE_texture_compression_dxt5 GL_ARB_ES2_compatibility GL_ARB_ES3_1_compatibility GL_ARB_ES3_2_compatibility GL_ARB_ES3_compatibility GL_ARB_arrays_of_arrays GL_ARB_base_instance GL_ARB_blend_func_extended GL_ARB_buffer_storage GL_ARB_clear_buffer_object GL_ARB_clear_texture GL_ARB_clip_control GL_ARB_compressed_texture_pixel_storage GL_ARB_compute_shader GL_ARB_compute_variable_group_size GL_ARB_conditional_render_inverted GL_ARB_conservative_depth GL_ARB_copy_buffer GL_ARB_copy_image GL_ARB_cull_distance GL_ARB_debug_output GL_ARB_depth_buffer_float
 GL_ARB_depth_clamp GL_ARB_derivative_control GL_ARB_direct_state_access GL_ARB_draw_buffers GL_ARB_draw_buffers_blend GL_ARB_draw_elements_base_vertex GL_ARB_draw_indirect GL_ARB_draw_instanced GL_ARB_enhanced_layouts GL_ARB_explicit_attrib_location GL_ARB_explicit_uniform_location GL_ARB_fragment_coord_conventions GL_ARB_fragment_layer_viewport GL_ARB_fragment_shader GL_ARB_framebuffer_no_attachments GL_ARB_framebuffer_object GL_ARB_framebuffer_sRGB GL_ARB_get_program_binary GL_ARB_get_texture_sub_image GL_ARB_gl_spirv GL_ARB_gpu_shader5 GL_ARB_gpu_shader_fp64 GL_ARB_gpu_shader_int64 GL_ARB_half_float_pixel GL_ARB_half_float_vertex GL_ARB_indirect_parameters GL_ARB_instanced_arrays GL_ARB_internalformat_query GL_ARB_internalformat_query2 GL_ARB_invalidate_subdata GL_ARB_map_buffer_alignment GL_ARB_map_buffer_range GL_ARB_multi_bind GL_ARB_multi_draw_indirect GL_ARB_occlusion_query2 GL_ARB_parallel_shader_compile GL_ARB_pipeline_statistics_query GL_ARB_pixel_buffer_object GL_ARB_point_sprite GL_ARB_polygon_
offset_clamp GL_ARB_program_interface_query GL_ARB_provoking_vertex GL_ARB_query_buffer_object GL_ARB_robust_buffer_access_behavior GL_ARB_robustness GL_ARB_sample_shading GL_ARB_sampler_objects GL_ARB_seamless_cube_map GL_ARB_seamless_cubemap_per_texture GL_ARB_separate_shader_objects GL_ARB_shader_atomic_counter_ops GL_ARB_shader_atomic_counters GL_ARB_shader_bit_encoding GL_ARB_shader_clock GL_ARB_shader_draw_parameters GL_ARB_shader_group_vote GL_ARB_shader_image_load_store GL_ARB_shader_image_size GL_ARB_shader_objects GL_ARB_shader_precision GL_ARB_shader_stencil_export GL_ARB_shader_storage_buffer_object GL_ARB_shader_subroutine GL_ARB_shader_texture_image_samples GL_ARB_shader_texture_lod GL_ARB_shading_language_420pack GL_ARB_shading_language_include GL_ARB_shading_language_packing GL_ARB_spirv_extensions GL_ARB_stencil_texturing GL_ARB_sync GL_ARB_tessellation_shader GL_ARB_texture_barrier GL_ARB_texture_border_clamp GL_ARB_texture_buffer_object GL_ARB_texture_buffer_object_rgb32 GL_ARB_texture_buf
fer_range GL_ARB_texture_compression_bptc GL_ARB_texture_compression_rgtc GL_ARB_texture_cube_map_array GL_ARB_texture_filter_anisotropic GL_ARB_texture_float GL_ARB_texture_gather GL_ARB_texture_mirror_clamp_to_edge GL_ARB_texture_multisample GL_ARB_texture_non_power_of_two GL_ARB_texture_query_levels GL_ARB_texture_query_lod GL_ARB_texture_rectangle GL_ARB_texture_rg GL_ARB_texture_rgb10_a2ui GL_ARB_texture_stencil8 GL_ARB_texture_storage GL_ARB_texture_storage_multisample GL_ARB_texture_swizzle GL_ARB_texture_view GL_ARB_timer_query GL_ARB_transform_feedback2 GL_ARB_transform_feedback3 GL_ARB_transform_feedback_instanced GL_ARB_transform_feedback_overflow_query GL_ARB_uniform_buffer_object GL_ARB_vertex_array_bgra GL_ARB_vertex_array_object GL_ARB_vertex_attrib_64bit GL_ARB_vertex_attrib_binding GL_ARB_vertex_buffer_object GL_ARB_vertex_shader GL_ARB_vertex_type_10f_11f_11f_rev GL_ARB_vertex_type_2_10_10_10_rev GL_ARB_viewport_array GL_ATI_blend_equation_separate GL_ATI_meminfo GL_ATI_texture_float GL_ATI
_texture_mirror_once GL_EXT_EGL_image_storage GL_EXT_EGL_image_storage_compression GL_EXT_EGL_sync GL_EXT_abgr GL_EXT_blend_equation_separate GL_EXT_debug_label GL_EXT_draw_buffers2 GL_EXT_draw_instanced GL_EXT_framebuffer_blit GL_EXT_framebuffer_multisample GL_EXT_framebuffer_multisample_blit_scaled GL_EXT_framebuffer_object GL_EXT_framebuffer_sRGB GL_EXT_memory_object GL_EXT_memory_object_fd GL_EXT_packed_depth_stencil GL_EXT_packed_float GL_EXT_pixel_buffer_object GL_EXT_polygon_offset_clamp GL_EXT_provoking_vertex GL_EXT_shader_clock GL_EXT_shader_image_load_store GL_EXT_shader_integer_mix GL_EXT_texture_array GL_EXT_texture_compression_dxt1 GL_EXT_texture_compression_rgtc GL_EXT_texture_compression_s3tc GL_EXT_texture_filter_anisotropic GL_EXT_texture_integer GL_EXT_texture_mirror_clamp GL_EXT_texture_sRGB GL_EXT_texture_sRGB_R8 GL_EXT_texture_sRGB_decode GL_EXT_texture_shared_exponent GL_EXT_texture_snorm GL_EXT_texture_storage GL_EXT_texture_swizzle GL_EXT_timer_query GL_EXT_transform_feedback GL_EXT_
vertex_array_bgra GL_EXT_vertex_attrib_64bit GL_EXT_window_rectangles GL_IBM_multimode_draw_arrays GL_KHR_context_flush_control GL_KHR_debug GL_KHR_no_error GL_KHR_parallel_shader_compile GL_KHR_robust_buffer_access_behavior GL_KHR_robustness GL_KHR_texture_compression_astc_ldr GL_KHR_texture_compression_astc_sliced_3d GL_MESA_framebuffer_flip_y GL_MESA_pack_invert GL_MESA_shader_integer_functions GL_MESA_texture_signed_rgba GL_NVX_gpu_memory_info GL_NV_alpha_to_coverage_dither_control GL_NV_conditional_render GL_NV_copy_image GL_NV_depth_clamp GL_NV_packed_depth_stencil GL_NV_texture_barrier GL_NV_vdpau_interop GL_OES_EGL_image GL_S3_s3tc
OPENGL LOG: Creating OpenGL 4.6 graphics device ; Context level  <OpenGL 4.5> ; Context handle -436291024
Shader Hidden/ProbeVolume/VoxelizeScene is not supported: GPU does not support conservative rasterization
Initialize mono
Mono path[0] = '/home/numlock/Unity/Hub/Editor/6000.2.2f1/Editor/Data/Managed'
Mono path[1] = '/home/numlock/Unity/Hub/Editor/6000.2.2f1/Editor/Data/MonoBleedingEdge/lib/mono/unityjit-linux'
Mono config path = '/home/numlock/Unity/Hub/Editor/6000.2.2f1/Editor/Data/MonoBleedingEdge/etc'
Using monoOptions --debugger-agent=transport=dt_socket,embedding=1,server=y,suspend=n,address=127.0.0.1:56456
Begin MonoManager ReloadAssembly
Registering precompiled unity dll's ...
Register platform support module: /home/numlock/Unity/Hub/Editor/6000.2.2f1/Editor/Data/PlaybackEngines/WebGLSupport/UnityEditor.WebGL.Extensions.dll
Register platform support module: /home/numlock/Unity/Hub/Editor/6000.2.2f1/Editor/Data/PlaybackEngines/AndroidPlayer/UnityEditor.Android.Extensions.dll
Register platform support module: /home/numlock/Unity/Hub/Editor/6000.2.2f1/Editor/Data/PlaybackEngines/LinuxStandaloneSupport/UnityEditor.LinuxStandalone.Extensions.dll
Registered in 0,003145 seconds.
- Loaded All Assemblies, in  0,553 seconds
Native extension for LinuxStandalone target not found
Native extension for Android target not found
Android Extension - Scanning For ADB Devices 305 ms
Native extension for WebGL target not found
Mono: successfully reloaded assembly
- Finished resetting the current domain, in  0,922 seconds
Domain Reload Profiling: 1475ms
	BeginReloadAssembly (123ms)
		ExecutionOrderSort (0ms)
		DisableScriptedObjects (0ms)
		BackupInstance (0ms)
		ReleaseScriptingObjects (0ms)
		CreateAndSetChildDomain (1ms)
	RebuildCommonClasses (58ms)
	RebuildNativeTypeToScriptingClass (15ms)
	initialDomainReloadingComplete (89ms)
	LoadAllAssembliesAndSetupDomain (267ms)
		LoadAssemblies (123ms)
		RebuildTransferFunctionScriptingTraits (0ms)
		AnalyzeDomain (262ms)
			TypeCache.Refresh (260ms)
				TypeCache.ScanAssembly (237ms)
			BuildScriptInfoCaches (0ms)
			ResolveRequiredComponents (1ms)
	FinalizeReload (922ms)
		ReleaseScriptCaches (0ms)
		RebuildScriptCaches (0ms)
		SetupLoadedEditorAssemblies (841ms)
			LogAssemblyErrors (0ms)
			InitializePlatformSupportModulesInManaged (464ms)
			SetLoadedEditorAssemblies (6ms)
			BeforeProcessingInitializeOnLoad (111ms)
			ProcessInitializeOnLoadAttributes (170ms)
			ProcessInitializeOnLoadMethodAttributes (89ms)
			AfterProcessingInitializeOnLoad (0ms)
			EditorAssembliesLoaded (0ms)
		ExecutionOrderSort2 (0ms)
		AwakeInstancesAfterBackupRestoration (0ms)
========================================================================
Worker process is ready to serve import requests
Import Worker Mode flag is 0x00
Begin MonoManager ReloadAssembly
[Licensing::Client] Successfully resolved entitlement details
- Loaded All Assemblies, in  1,145 seconds
Refreshing native plugins compatible for Editor in 0,86 ms, found 1 plugins.
Native extension for LinuxStandalone target not found
Native extension for Android target not found
Native extension for WebGL target not found
Package Manager log level set to [2]
[Package Manager] Failed to launch server process. Reason: Unity was launched with the -noUpm command-line argument
[Package Manager] Unable to send message (not connected to server process).
[Package Manager] Cannot connect to Unity Package Manager local server
Mono: successfully reloaded assembly
- Finished resetting the current domain, in  1,171 seconds
Domain Reload Profiling: 2314ms
	BeginReloadAssembly (220ms)
		ExecutionOrderSort (0ms)
		DisableScriptedObjects (10ms)
		BackupInstance (0ms)
		ReleaseScriptingObjects (0ms)
		CreateAndSetChildDomain (54ms)
	RebuildCommonClasses (58ms)
	RebuildNativeTypeToScriptingClass (15ms)
	initialDomainReloadingComplete (72ms)
	LoadAllAssembliesAndSetupDomain (778ms)
		LoadAssemblies (427ms)
		RebuildTransferFunctionScriptingTraits (0ms)
		AnalyzeDomain (443ms)
			TypeCache.Refresh (330ms)
				TypeCache.ScanAssembly (303ms)
			BuildScriptInfoCaches (91ms)
			ResolveRequiredComponents (18ms)
	FinalizeReload (1172ms)
		ReleaseScriptCaches (0ms)
		RebuildScriptCaches (0ms)
		SetupLoadedEditorAssemblies (951ms)
			LogAssemblyErrors (0ms)
			InitializePlatformSupportModulesInManaged (15ms)
			SetLoadedEditorAssemblies (7ms)
			BeforeProcessingInitializeOnLoad (215ms)
			ProcessInitializeOnLoadAttributes (540ms)
			ProcessInitializeOnLoadMethodAttributes (167ms)
			AfterProcessingInitializeOnLoad (7ms)
			EditorAssembliesLoaded (0ms)
		ExecutionOrderSort2 (0ms)
		AwakeInstancesAfterBackupRestoration (5ms)
Shader Hidden/ProbeVolume/VoxelizeScene is not supported: GPU does not support conservative rasterization
AutoLocale: current locale expects 'C' but got 'ru_RU.UTF-8'Launched and connected shader compiler UnityShaderCompiler after 0.02 seconds
Refreshing native plugins compatible for Editor in 0.95 ms, found 1 plugins.
Preloading 0 native plugins for Editor in 0.00 ms.
Unloading 33 Unused Serialized files (Serialized files now loaded: 0)
Unloading 6815 unused Assets / (6.6 MB). Loaded Objects now: 7508.
Memory consumption went from 143.9 MB to 137.2 MB.
Total: 21.231823 ms (FindLiveObjects: 1.273864 ms CreateObjectMapping: 1.086848 ms MarkObjects: 10.137060 ms  DeleteObjects: 8.732721 ms)

========================================================================
Received Import Request.
  Time since last request: 12197.427050 seconds.
  path: Packages/com.unity.2d.animation/Editor/Assets/ComponentIcons/Animation.IKFabrik On@256.png
  artifactKey: Guid(b533c652136df4744a089524507a44c6) Importer(815301076,1909f56bfc062723c751e8b465ee728b)
Start importing Packages/com.unity.2d.animation/Editor/Assets/ComponentIcons/Animation.IKFabrik On@256.png using Guid(b533c652136df4744a089524507a44c6) Importer(815301076,1909f56bfc062723c751e8b465ee728b) (PreviewImporter) -> (artifact id: '694a4a22474ced58983bd64d9d24d2b1') in 0.14288971 seconds
Number of updated asset objects reloaded before import = 0Number of asset objects unloaded after import = 3

========================================================================
Received Import Request.
  Time since last request: 0.000023 seconds.
  path: Packages/com.unity.2d.animation/Editor/Assets/ComponentIcons/Animation.IKFabrik@256.png
  artifactKey: Guid(8be64ad32582748f1965311ca0665f30) Importer(815301076,1909f56bfc062723c751e8b465ee728b)
Start importing Packages/com.unity.2d.animation/Editor/Assets/ComponentIcons/Animation.IKFabrik@256.png using Guid(8be64ad32582748f1965311ca0665f30) Importer(815301076,1909f56bfc062723c751e8b465ee728b) (PreviewImporter) -> (artifact id: 'a5603238b183b641f28d63a5385e4bbb') in 0.008972871 seconds
Number of updated asset objects reloaded before import = 0Number of asset objects unloaded after import = 3

========================================================================
Received Import Request.
  Time since last request: 0.504617 seconds.
  path: Packages/com.unity.2d.animation/Editor/Assets/ComponentIcons/Animation.IKLimb On.png
  artifactKey: Guid(4f5364a9fe7e04741862d2af49136835) Importer(815301076,1909f56bfc062723c751e8b465ee728b)
Start importing Packages/com.unity.2d.animation/Editor/Assets/ComponentIcons/Animation.IKLimb On.png using Guid(4f5364a9fe7e04741862d2af49136835) Importer(815301076,1909f56bfc062723c751e8b465ee728b) (PreviewImporter) -> (artifact id: 'b4eb9e1804c5288fd5e376e79244570e') in 0.009298669 seconds
Number of updated asset objects reloaded before import = 0Number of asset objects unloaded after import = 3

========================================================================
Received Import Request.
  Time since last request: 0.053558 seconds.
  path: Packages/com.unity.2d.animation/Editor/Assets/ComponentIcons/Animation.IKLimb On@64.png
  artifactKey: Guid(b88a78d35a73e4a33bf6788d22e3cb67) Importer(815301076,1909f56bfc062723c751e8b465ee728b)
Start importing Packages/com.unity.2d.animation/Editor/Assets/ComponentIcons/Animation.IKLimb On@64.png using Guid(b88a78d35a73e4a33bf6788d22e3cb67) Importer(815301076,1909f56bfc062723c751e8b465ee728b) (PreviewImporter) -> (artifact id: '13a5fd3baa9f086ed33ab33e805faaed') in 0.008096429 seconds
Number of updated asset objects reloaded before import = 0Number of asset objects unloaded after import = 3

========================================================================
Received Import Request.
  Time since last request: 0.020161 seconds.
  path: Packages/com.unity.2d.animation/Editor/Assets/ComponentIcons/Animation.IKLimb On@256.png
  artifactKey: Guid(190c43ac8c7af48e2ae7663a44f1c7ec) Importer(815301076,1909f56bfc062723c751e8b465ee728b)
Start importing Packages/com.unity.2d.animation/Editor/Assets/ComponentIcons/Animation.IKLimb On@256.png using Guid(190c43ac8c7af48e2ae7663a44f1c7ec) Importer(815301076,1909f56bfc062723c751e8b465ee728b) (PreviewImporter) -> (artifact id: '4bdd94ba5b309a8a20e2b340a96a77a1') in 0.010284566 seconds
Number of updated asset objects reloaded before import = 0Number of asset objects unloaded after import = 3

========================================================================
Received Import Request.
  Time since last request: 0.473555 seconds.
  path: Packages/com.unity.2d.animation/Editor/Assets/ComponentIcons/Animation.IKLimb@64.png
  artifactKey: Guid(0aa01ed159728414b863dd9c7aa7f596) Importer(815301076,1909f56bfc062723c751e8b465ee728b)
Start importing Packages/com.unity.2d.animation/Editor/Assets/ComponentIcons/Animation.IKLimb@64.png using Guid(0aa01ed159728414b863dd9c7aa7f596) Importer(815301076,1909f56bfc062723c751e8b465ee728b) (PreviewImporter) -> (artifact id: 'a398ee91a0035de31159ecb315c6626a') in 0.012011209 seconds
Number of updated asset objects reloaded before import = 0Number of asset objects unloaded after import = 3

========================================================================
Received Import Request.
  Time since last request: 0.063737 seconds.
  path: Packages/com.unity.2d.animation/Editor/Assets/ComponentIcons/Animation.IKManager On.png
  artifactKey: Guid(53c84f3dfe8b04b6db1fb80443fafbaf) Importer(815301076,1909f56bfc062723c751e8b465ee728b)
Start importing Packages/com.unity.2d.animation/Editor/Assets/ComponentIcons/Animation.IKManager On.png using Guid(53c84f3dfe8b04b6db1fb80443fafbaf) Importer(815301076,1909f56bfc062723c751e8b465ee728b) (PreviewImporter) -> (artifact id: 'cff35fd0477b65c08376f502de0a9315') in 0.008100265 seconds
Number of updated asset objects reloaded before import = 0Number of asset objects unloaded after import = 3

========================================================================
Received Import Request.
  Time since last request: 0.382871 seconds.
  path: Packages/com.unity.2d.animation/Editor/Assets/ComponentIcons/Animation.IKManager@64.png
  artifactKey: Guid(0502e3e0c944a4f71948552166af7b48) Importer(815301076,1909f56bfc062723c751e8b465ee728b)
Start importing Packages/com.unity.2d.animation/Editor/Assets/ComponentIcons/Animation.IKManager@64.png using Guid(0502e3e0c944a4f71948552166af7b48) Importer(815301076,1909f56bfc062723c751e8b465ee728b) (PreviewImporter) -> (artifact id: '87b5a41578cd4f68b7aea1e0c0eb5d87') in 0.01010696 seconds
Number of updated asset objects reloaded before import = 0Number of asset objects unloaded after import = 3

========================================================================
Received Import Request.
  Time since last request: 0.043491 seconds.
  path: Packages/com.unity.2d.animation/Editor/Assets/ComponentIcons/Animation.IKManager@256.png
  artifactKey: Guid(63a9bd0d002bb4d598c276d9f5aabc30) Importer(815301076,1909f56bfc062723c751e8b465ee728b)
Start importing Packages/com.unity.2d.animation/Editor/Assets/ComponentIcons/Animation.IKManager@256.png using Guid(63a9bd0d002bb4d598c276d9f5aabc30) Importer(815301076,1909f56bfc062723c751e8b465ee728b) (PreviewImporter) -> (artifact id: '7a78feb9c97677c66ccf7bfc5cca757f') in 0.012945032 seconds
Number of updated asset objects reloaded before import = 0Number of asset objects unloaded after import = 3

========================================================================
Received Import Request.
  Time since last request: 0.000016 seconds.
  path: Packages/com.unity.2d.animation/Editor/Assets/ComponentIcons/Animation.SpriteLibrary On@32.png
  artifactKey: Guid(fad537f7b1df74e869915bbab4356a0f) Importer(815301076,1909f56bfc062723c751e8b465ee728b)
Start importing Packages/com.unity.2d.animation/Editor/Assets/ComponentIcons/Animation.SpriteLibrary On@32.png using Guid(fad537f7b1df74e869915bbab4356a0f) Importer(815301076,1909f56bfc062723c751e8b465ee728b) (PreviewImporter) -> (artifact id: '8dbe076db498fd530ee42bf6df54818d') in 0.007070561 seconds
Number of updated asset objects reloaded before import = 0Number of asset objects unloaded after import = 3

========================================================================
Received Import Request.
  Time since last request: 0.027675 seconds.
  path: Packages/com.unity.2d.animation/Editor/Assets/ComponentIcons/Animation.SpriteLibrary On@64.png
  artifactKey: Guid(19370790a791d4fc99ee3830251366f8) Importer(815301076,1909f56bfc062723c751e8b465ee728b)
Start importing Packages/com.unity.2d.animation/Editor/Assets/ComponentIcons/Animation.SpriteLibrary On@64.png using Guid(19370790a791d4fc99ee3830251366f8) Importer(815301076,1909f56bfc062723c751e8b465ee728b) (PreviewImporter) -> (artifact id: 'f6f1e934ea6e19863eae3570c237bcaf') in 0.006603067 seconds
Number of updated asset objects reloaded before import = 0Number of asset objects unloaded after import = 3

========================================================================
Received Import Request.
  Time since last request: 0.400890 seconds.
  path: Packages/com.unity.2d.animation/Editor/Assets/ComponentIcons/Animation.SpriteLibrary On@256.png
  artifactKey: Guid(b2d98f54996544507ade581c727c1c51) Importer(815301076,1909f56bfc062723c751e8b465ee728b)
Start importing Packages/com.unity.2d.animation/Editor/Assets/ComponentIcons/Animation.SpriteLibrary On@256.png using Guid(b2d98f54996544507ade581c727c1c51) Importer(815301076,1909f56bfc062723c751e8b465ee728b) (PreviewImporter) -> (artifact id: '83b19a2d7d87943a488fd323c1dbc2e1') in 0.014972747 seconds
Number of updated asset objects reloaded before import = 0Number of asset objects unloaded after import = 3

========================================================================
Received Import Request.
  Time since last request: 0.766589 seconds.
  path: Packages/com.unity.2d.animation/Editor/Assets/ComponentIcons/Animation.SpriteLibraryManager On@256.png
  artifactKey: Guid(093d252d1d41041c8b4df35c330dcc59) Importer(815301076,1909f56bfc062723c751e8b465ee728b)
Start importing Packages/com.unity.2d.animation/Editor/Assets/ComponentIcons/Animation.SpriteLibraryManager On@256.png using Guid(093d252d1d41041c8b4df35c330dcc59) Importer(815301076,1909f56bfc062723c751e8b465ee728b) (PreviewImporter) -> (artifact id: '2e93e77d02b0d5820669785b226cd123') in 0.016590968 seconds
Number of updated asset objects reloaded before import = 0Number of asset objects unloaded after import = 3

========================================================================
Received Import Request.
  Time since last request: 0.406018 seconds.
  path: Packages/com.unity.2d.animation/Editor/Assets/ComponentIcons/Animation.SpriteLibraryManager@128.png
  artifactKey: Guid(d1c6278de296d42b6a5c6330b16ab729) Importer(815301076,1909f56bfc062723c751e8b465ee728b)
Start importing Packages/com.unity.2d.animation/Editor/Assets/ComponentIcons/Animation.SpriteLibraryManager@128.png using Guid(d1c6278de296d42b6a5c6330b16ab729) Importer(815301076,1909f56bfc062723c751e8b465ee728b) (PreviewImporter) -> (artifact id: 'b3e015dc34014d0b5bee140ef7d5b1ed') in 0.014678484 seconds
Number of updated asset objects reloaded before import = 0Number of asset objects unloaded after import = 3

========================================================================
Received Import Request.
  Time since last request: 0.041528 seconds.
  path: Packages/com.unity.2d.animation/Editor/Assets/ComponentIcons/Animation.SpriteLibraryVar.png
  artifactKey: Guid(0490d28a1206e4c4cb4954be7b678980) Importer(815301076,1909f56bfc062723c751e8b465ee728b)
Start importing Packages/com.unity.2d.animation/Editor/Assets/ComponentIcons/Animation.SpriteLibraryVar.png using Guid(0490d28a1206e4c4cb4954be7b678980) Importer(815301076,1909f56bfc062723c751e8b465ee728b) (PreviewImporter) -> (artifact id: 'b6be7c1761c9a8a09b6f242a4c786097') in 0.007845108 seconds
Number of updated asset objects reloaded before import = 0Number of asset objects unloaded after import = 3

========================================================================
Received Import Request.
  Time since last request: 0.084741 seconds.
  path: Packages/com.unity.2d.animation/Editor/Assets/ComponentIcons/Animation.SpriteLibraryVar On@128.png
  artifactKey: Guid(e2c573f07f6d7471d9cad8cb2a5fece0) Importer(815301076,1909f56bfc062723c751e8b465ee728b)
Start importing Packages/com.unity.2d.animation/Editor/Assets/ComponentIcons/Animation.SpriteLibraryVar On@128.png using Guid(e2c573f07f6d7471d9cad8cb2a5fece0) Importer(815301076,1909f56bfc062723c751e8b465ee728b) (PreviewImporter) -> (artifact id: 'bbd49cfcdee73c727769e4e8038f91e1') in 0.00987566 seconds
Number of updated asset objects reloaded before import = 0Number of asset objects unloaded after import = 3

========================================================================
Received Import Request.
  Time since last request: 0.018585 seconds.
  path: Packages/com.unity.2d.animation/Editor/Assets/ComponentIcons/Animation.SpriteLibraryVar@32.png
  artifactKey: Guid(3e3d41c162ad74767b66168d4d94b99c) Importer(815301076,1909f56bfc062723c751e8b465ee728b)
Start importing Packages/com.unity.2d.animation/Editor/Assets/ComponentIcons/Animation.SpriteLibraryVar@32.png using Guid(3e3d41c162ad74767b66168d4d94b99c) Importer(815301076,1909f56bfc062723c751e8b465ee728b) (PreviewImporter) -> (artifact id: 'a987198e9e159757cefb3b58ecf709fa') in 0.006905728 seconds
Number of updated asset objects reloaded before import = 0Number of asset objects unloaded after import = 3

========================================================================
Received Import Request.
  Time since last request: 0.379012 seconds.
  path: Packages/com.unity.2d.animation/Editor/Assets/ComponentIcons/Animation.SpriteLibraryVar@128.png
  artifactKey: Guid(5c718c499137a4dc48bbf03037c806f6) Importer(815301076,1909f56bfc062723c751e8b465ee728b)
Start importing Packages/com.unity.2d.animation/Editor/Assets/ComponentIcons/Animation.SpriteLibraryVar@128.png using Guid(5c718c499137a4dc48bbf03037c806f6) Importer(815301076,1909f56bfc062723c751e8b465ee728b) (PreviewImporter) -> (artifact id: 'f3c44d6cdc58fa142d9b67d80c3b359a') in 0.015800516 seconds
Number of updated asset objects reloaded before import = 0Number of asset objects unloaded after import = 3

========================================================================
Received Import Request.
  Time since last request: 0.073320 seconds.
  path: Packages/com.unity.2d.animation/Editor/Assets/ComponentIcons/Animation.SpriteResolver On@32.png
  artifactKey: Guid(6e2a81314a40c43849866fb7490cb521) Importer(815301076,1909f56bfc062723c751e8b465ee728b)
Start importing Packages/com.unity.2d.animation/Editor/Assets/ComponentIcons/Animation.SpriteResolver On@32.png using Guid(6e2a81314a40c43849866fb7490cb521) Importer(815301076,1909f56bfc062723c751e8b465ee728b) (PreviewImporter) -> (artifact id: 'dd73968aed7912c605bf0acc9ec5b94b') in 0.008432722 seconds
Number of updated asset objects reloaded before import = 0Number of asset objects unloaded after import = 3

========================================================================
Received Import Request.
  Time since last request: 0.661913 seconds.
  path: Packages/com.unity.2d.animation/Editor/Assets/ComponentIcons/Animation.SpriteSkin On@32.png
  artifactKey: Guid(c48d0173f2d2c40679bc236de8551a69) Importer(815301076,1909f56bfc062723c751e8b465ee728b)
Start importing Packages/com.unity.2d.animation/Editor/Assets/ComponentIcons/Animation.SpriteSkin On@32.png using Guid(c48d0173f2d2c40679bc236de8551a69) Importer(815301076,1909f56bfc062723c751e8b465ee728b) (PreviewImporter) -> (artifact id: '8fe2b68345c3a55be45e46127d9a6ea9') in 0.011034725 seconds
Number of updated asset objects reloaded before import = 0Number of asset objects unloaded after import = 3

========================================================================
Received Import Request.
  Time since last request: 0.003883 seconds.
  path: Packages/com.unity.2d.animation/Editor/Assets/ComponentIcons/Animation.SpriteSkin On@128.png
  artifactKey: Guid(d2ddd27a2c7de4ad99b3d8c9d00e4265) Importer(815301076,1909f56bfc062723c751e8b465ee728b)
Start importing Packages/com.unity.2d.animation/Editor/Assets/ComponentIcons/Animation.SpriteSkin On@128.png using Guid(d2ddd27a2c7de4ad99b3d8c9d00e4265) Importer(815301076,1909f56bfc062723c751e8b465ee728b) (PreviewImporter) -> (artifact id: 'e73e3698369f508a6a888c0407c1ce65') in 0.009879519 seconds
Number of updated asset objects reloaded before import = 0Number of asset objects unloaded after import = 3

========================================================================
Received Import Request.
  Time since last request: 0.025552 seconds.
  path: Packages/com.unity.2d.animation/Editor/Assets/ComponentIcons/Animation.SpriteSkin@32.png
  artifactKey: Guid(35f90efdb1e6d4fb29c4108de82bf1b2) Importer(815301076,1909f56bfc062723c751e8b465ee728b)
Start importing Packages/com.unity.2d.animation/Editor/Assets/ComponentIcons/Animation.SpriteSkin@32.png using Guid(35f90efdb1e6d4fb29c4108de82bf1b2) Importer(815301076,1909f56bfc062723c751e8b465ee728b) (PreviewImporter) -> (artifact id: 'b00dcd77d35fada22b0550eb69a36da2') in 0.007122413 seconds
Number of updated asset objects reloaded before import = 0Number of asset objects unloaded after import = 3

========================================================================
Received Import Request.
  Time since last request: 0.430897 seconds.
  path: Packages/com.unity.2d.animation/Editor/Assets/EditorIcons/Light/Bone.png
  artifactKey: Guid(62ce01ddca719d34ea9648c586a7cc94) Importer(815301076,1909f56bfc062723c751e8b465ee728b)
Start importing Packages/com.unity.2d.animation/Editor/Assets/EditorIcons/Light/Bone.png using Guid(62ce01ddca719d34ea9648c586a7cc94) Importer(815301076,1909f56bfc062723c751e8b465ee728b) (PreviewImporter) -> (artifact id: '73ebaafabf1733876340d46b0c4ad662') in 0.010361722 seconds
Number of updated asset objects reloaded before import = 0Number of asset objects unloaded after import = 3

========================================================================
Received Import Request.
  Time since last request: 0.072382 seconds.
  path: Packages/com.unity.2d.animation/Editor/Assets/EditorIcons/Light/Bone@4x.png
  artifactKey: Guid(9125c204f566db048a92ebcb64d9d14a) Importer(815301076,1909f56bfc062723c751e8b465ee728b)
Start importing Packages/com.unity.2d.animation/Editor/Assets/EditorIcons/Light/Bone@4x.png using Guid(9125c204f566db048a92ebcb64d9d14a) Importer(815301076,1909f56bfc062723c751e8b465ee728b) (PreviewImporter) -> (artifact id: 'd5c8f8f26dcfbcf417c9cc5227bb86a8') in 0.008699797 seconds
Number of updated asset objects reloaded before import = 0Number of asset objects unloaded after import = 3

========================================================================
Received Import Request.
  Time since last request: 0.026290 seconds.
  path: Packages/com.unity.2d.animation/Editor/Assets/EditorIcons/Selected/Bone_Influence.png
  artifactKey: Guid(ff00345da0563d641903c5bd5bb748a4) Importer(815301076,1909f56bfc062723c751e8b465ee728b)
Start importing Packages/com.unity.2d.animation/Editor/Assets/EditorIcons/Selected/Bone_Influence.png using Guid(ff00345da0563d641903c5bd5bb748a4) Importer(815301076,1909f56bfc062723c751e8b465ee728b) (PreviewImporter) -> (artifact id: 'cfdb4462213a2d72de0a1ce152f3cb2e') in 0.007329157 seconds
Number of updated asset objects reloaded before import = 0Number of asset objects unloaded after import = 3

========================================================================
Received Import Request.
  Time since last request: 0.030826 seconds.
  path: Packages/com.unity.2d.animation/Editor/Assets/EditorIcons/Selected/Bone_Influence@2x.png
  artifactKey: Guid(0779ad3feec52124e97114bcbb12ef13) Importer(815301076,1909f56bfc062723c751e8b465ee728b)
Start importing Packages/com.unity.2d.animation/Editor/Assets/EditorIcons/Selected/Bone_Influence@2x.png using Guid(0779ad3feec52124e97114bcbb12ef13) Importer(815301076,1909f56bfc062723c751e8b465ee728b) (PreviewImporter) -> (artifact id: '35b7ed9f8e2a5b4ec8abe4d237fc5cd1') in 0.007295948 seconds
Number of updated asset objects reloaded before import = 0Number of asset objects unloaded after import = 3

========================================================================
Received Import Request.
  Time since last request: 0.407964 seconds.
  path: Packages/com.unity.2d.animation/Editor/Assets/EditorIcons/Light/Bone_Influence@3x.png
  artifactKey: Guid(cee9dbe90b270c944ae1dabf41c93b10) Importer(815301076,1909f56bfc062723c751e8b465ee728b)
Start importing Packages/com.unity.2d.animation/Editor/Assets/EditorIcons/Light/Bone_Influence@3x.png using Guid(cee9dbe90b270c944ae1dabf41c93b10) Importer(815301076,1909f56bfc062723c751e8b465ee728b) (PreviewImporter) -> (artifact id: 'cbde4ca900b38604688dc160778ef029') in 0.016495052 seconds
Number of updated asset objects reloaded before import = 0Number of asset objects unloaded after import = 3

========================================================================
Received Import Request.
  Time since last request: 0.184380 seconds.
  path: Packages/com.unity.collab-proxy/Editor/Assets/Images/buttonssosigninunity@2x.png
  artifactKey: Guid(ee8ce5cd9c0883f4182b5cfd43cfd7fe) Importer(815301076,1909f56bfc062723c751e8b465ee728b)
Start importing Packages/com.unity.collab-proxy/Editor/Assets/Images/buttonssosigninunity@2x.png using Guid(ee8ce5cd9c0883f4182b5cfd43cfd7fe) Importer(815301076,1909f56bfc062723c751e8b465ee728b) (PreviewImporter) -> (artifact id: 'b2165d89255a851cbb29e97d8b0d1402') in 0.010190878 seconds
Number of updated asset objects reloaded before import = 0Number of asset objects unloaded after import = 3

========================================================================
Received Import Request.
  Time since last request: 0.499528 seconds.
  path: Packages/com.unity.render-pipelines.core/Editor/LookDev/Icons/Camera1.png
  artifactKey: Guid(2384eb5de05269b44a58f8dd1d83d725) Importer(815301076,1909f56bfc062723c751e8b465ee728b)
Start importing Packages/com.unity.render-pipelines.core/Editor/LookDev/Icons/Camera1.png using Guid(2384eb5de05269b44a58f8dd1d83d725) Importer(815301076,1909f56bfc062723c751e8b465ee728b) (PreviewImporter) -> (artifact id: 'ec4c2f9b4d5dd8a5f6829282c9d4d1f8') in 0.010940785 seconds
Number of updated asset objects reloaded before import = 0Number of asset objects unloaded after import = 3

========================================================================
Received Import Request.
  Time since last request: 0.143733 seconds.
  path: Packages/com.unity.2d.sprite/Editor/ObjectMenuCreation/DefaultAssets/Textures/Capsule.png
  artifactKey: Guid(bd3cb4af8406d4436a2ae8c2aafe1f8d) Importer(815301076,1909f56bfc062723c751e8b465ee728b)
Start importing Packages/com.unity.2d.sprite/Editor/ObjectMenuCreation/DefaultAssets/Textures/Capsule.png using Guid(bd3cb4af8406d4436a2ae8c2aafe1f8d) Importer(815301076,1909f56bfc062723c751e8b465ee728b) (PreviewImporter) -> (artifact id: '00fbca0991ad63465e64e7ef7dcbe19c') in 0.013613063 seconds
Number of updated asset objects reloaded before import = 0Number of asset objects unloaded after import = 3

========================================================================
Received Import Request.
  Time since last request: 0.009785 seconds.
  path: Packages/com.unity.2d.sprite/Editor/ObjectMenuCreation/DefaultAssets/Textures/CapsuleWithBorder.png
  artifactKey: Guid(34587324d412940a79d530020c957dc0) Importer(815301076,1909f56bfc062723c751e8b465ee728b)
Start importing Packages/com.unity.2d.sprite/Editor/ObjectMenuCreation/DefaultAssets/Textures/CapsuleWithBorder.png using Guid(34587324d412940a79d530020c957dc0) Importer(815301076,1909f56bfc062723c751e8b465ee728b) (PreviewImporter) -> (artifact id: '5223415376875002a6b2fec6d49f52d0') in 0.00991288 seconds
Number of updated asset objects reloaded before import = 0Number of asset objects unloaded after import = 3

========================================================================
Received Import Request.
  Time since last request: 2.164958 seconds.
  path: Packages/com.unity.render-pipelines.core/Editor/LookDev/Icons/CenterLight@2x.png
  artifactKey: Guid(8063050a249eef441beb8cbbd04c086c) Importer(815301076,1909f56bfc062723c751e8b465ee728b)
Start importing Packages/com.unity.render-pipelines.core/Editor/LookDev/Icons/CenterLight@2x.png using Guid(8063050a249eef441beb8cbbd04c086c) Importer(815301076,1909f56bfc062723c751e8b465ee728b) (PreviewImporter) -> (artifact id: '30af5d027055c28799f914a5cae082d8') in 0.011538009 seconds
Number of updated asset objects reloaded before import = 0Number of asset objects unloaded after import = 3

========================================================================
Received Import Request.
  Time since last request: 0.561902 seconds.
  path: Packages/com.unity.2d.animation/Editor/Assets/EditorIcons/Light/character_Mode.png
  artifactKey: Guid(d4d64a6cd9624c34a815dd79fb2a20a4) Importer(815301076,1909f56bfc062723c751e8b465ee728b)
Start importing Packages/com.unity.2d.animation/Editor/Assets/EditorIcons/Light/character_Mode.png using Guid(d4d64a6cd9624c34a815dd79fb2a20a4) Importer(815301076,1909f56bfc062723c751e8b465ee728b) (PreviewImporter) -> (artifact id: '49ffbe0266a464ebc6c66286a09bdc2a') in 0.011403229 seconds
Number of updated asset objects reloaded before import = 0Number of asset objects unloaded after import = 3

========================================================================
Received Import Request.
  Time since last request: 0.096908 seconds.
  path: Packages/com.unity.2d.animation/Editor/Assets/EditorIcons/Light/character_Mode@2x.png
  artifactKey: Guid(25096ce515c063c48a2bd6b108c95912) Importer(815301076,1909f56bfc062723c751e8b465ee728b)
Start importing Packages/com.unity.2d.animation/Editor/Assets/EditorIcons/Light/character_Mode@2x.png using Guid(25096ce515c063c48a2bd6b108c95912) Importer(815301076,1909f56bfc062723c751e8b465ee728b) (PreviewImporter) -> (artifact id: '7592ab1e87bc5c2e42cecd91f2d20edd') in 0.010170858 seconds
Number of updated asset objects reloaded before import = 0Number of asset objects unloaded after import = 3

========================================================================
Received Import Request.
  Time since last request: 0.720980 seconds.
  path: Packages/com.unity.2d.animation/Editor/Assets/EditorIcons/Light/character_Mode@3x.png
  artifactKey: Guid(17fa84703485d314b8d6b5216987d4b1) Importer(815301076,1909f56bfc062723c751e8b465ee728b)
Start importing Packages/com.unity.2d.animation/Editor/Assets/EditorIcons/Light/character_Mode@3x.png using Guid(17fa84703485d314b8d6b5216987d4b1) Importer(815301076,1909f56bfc062723c751e8b465ee728b) (PreviewImporter) -> (artifact id: '40584f21080d70ddf60aa0337b0a10f6') in 0.01250692 seconds
Number of updated asset objects reloaded before import = 0Number of asset objects unloaded after import = 3

========================================================================
Received Import Request.
  Time since last request: 0.061279 seconds.
  path: Packages/com.unity.2d.animation/Editor/Assets/EditorIcons/Light/character_Mode@4x.png
  artifactKey: Guid(748ae8b33df036b46a86e0387f1602cf) Importer(815301076,1909f56bfc062723c751e8b465ee728b)
Start importing Packages/com.unity.2d.animation/Editor/Assets/EditorIcons/Light/character_Mode@4x.png using Guid(748ae8b33df036b46a86e0387f1602cf) Importer(815301076,1909f56bfc062723c751e8b465ee728b) (PreviewImporter) -> (artifact id: 'd5a8045cb4baf825eff4ea69f8e3e872') in 0.009430966 seconds
Number of updated asset objects reloaded before import = 0Number of asset objects unloaded after import = 3

========================================================================
Received Import Request.
  Time since last request: 0.259961 seconds.
  path: Packages/com.unity.2d.sprite/Editor/ObjectMenuCreation/DefaultAssets/Textures/CircleWithBorder.png
  artifactKey: Guid(4adeaf2d2b1c7417e89f026626d8264f) Importer(815301076,1909f56bfc062723c751e8b465ee728b)
Start importing Packages/com.unity.2d.sprite/Editor/ObjectMenuCreation/DefaultAssets/Textures/CircleWithBorder.png using Guid(4adeaf2d2b1c7417e89f026626d8264f) Importer(815301076,1909f56bfc062723c751e8b465ee728b) (PreviewImporter) -> (artifact id: '15213c677e199c7b5530c51c5645a21b') in 0.014721562 seconds
Number of updated asset objects reloaded before import = 0Number of asset objects unloaded after import = 3

========================================================================
Received Import Request.
  Time since last request: 0.038271 seconds.
  path: Packages/com.unity.2d.sprite/Editor/ObjectMenuCreation/DefaultAssets/Textures/CircleMask.png
  artifactKey: Guid(87aaca0a643d54397ba969dab4fc8875) Importer(815301076,1909f56bfc062723c751e8b465ee728b)
Start importing Packages/com.unity.2d.sprite/Editor/ObjectMenuCreation/DefaultAssets/Textures/CircleMask.png using Guid(87aaca0a643d54397ba969dab4fc8875) Importer(815301076,1909f56bfc062723c751e8b465ee728b) (PreviewImporter) -> (artifact id: '57be1d55c4c7a17897f489e1b93afc80') in 0.011237304 seconds
Number of updated asset objects reloaded before import = 0Number of asset objects unloaded after import = 3

========================================================================
Received Import Request.
  Time since last request: 0.439233 seconds.
  path: Packages/com.unity.2d.animation/Editor/Assets/EditorIcons/Light/Copy.png
  artifactKey: Guid(42f4b048501996743958df91513f824a) Importer(815301076,1909f56bfc062723c751e8b465ee728b)
Start importing Packages/com.unity.2d.animation/Editor/Assets/EditorIcons/Light/Copy.png using Guid(42f4b048501996743958df91513f824a) Importer(815301076,1909f56bfc062723c751e8b465ee728b) (PreviewImporter) -> (artifact id: 'a482fad8f264c00fdfb0bbc0e142ccac') in 0.011871656 seconds
Number of updated asset objects reloaded before import = 0Number of asset objects unloaded after import = 3

========================================================================
Received Import Request.
  Time since last request: 0.011001 seconds.
  path: Packages/com.unity.2d.animation/Editor/Assets/EditorIcons/Selected/Copy@2x.png
  artifactKey: Guid(6cc5103edc9f0dd4f80e8274c73dfeac) Importer(815301076,1909f56bfc062723c751e8b465ee728b)
Start importing Packages/com.unity.2d.animation/Editor/Assets/EditorIcons/Selected/Copy@2x.png using Guid(6cc5103edc9f0dd4f80e8274c73dfeac) Importer(815301076,1909f56bfc062723c751e8b465ee728b) (PreviewImporter) -> (artifact id: 'feafc7a534b40663dcd998c96aceb66c') in 0.008028036 seconds
Number of updated asset objects reloaded before import = 0Number of asset objects unloaded after import = 3

========================================================================
Received Import Request.
  Time since last request: 0.055059 seconds.
  path: Packages/com.unity.2d.animation/Editor/Assets/EditorIcons/Selected/Copy@3x.png
  artifactKey: Guid(bb51334c6930f864abac38001f7bdf6e) Importer(815301076,1909f56bfc062723c751e8b465ee728b)
Start importing Packages/com.unity.2d.animation/Editor/Assets/EditorIcons/Selected/Copy@3x.png using Guid(bb51334c6930f864abac38001f7bdf6e) Importer(815301076,1909f56bfc062723c751e8b465ee728b) (PreviewImporter) -> (artifact id: '10fefd360b6afe4c22d31d6974dd8ec6') in 0.008190274 seconds
Number of updated asset objects reloaded before import = 0Number of asset objects unloaded after import = 3

========================================================================
Received Import Request.
  Time since last request: 0.057672 seconds.
  path: Packages/com.unity.2d.animation/Editor/Assets/EditorIcons/Selected/Create Bones@2x.png
  artifactKey: Guid(5b7f664b515582d458717c354f6be292) Importer(815301076,1909f56bfc062723c751e8b465ee728b)
Start importing Packages/com.unity.2d.animation/Editor/Assets/EditorIcons/Selected/Create Bones@2x.png using Guid(5b7f664b515582d458717c354f6be292) Importer(815301076,1909f56bfc062723c751e8b465ee728b) (PreviewImporter) -> (artifact id: '389a1d78fae77bbac04ec6dfb6eff162') in 0.006776558 seconds
Number of updated asset objects reloaded before import = 0Number of asset objects unloaded after import = 3

========================================================================
Received Import Request.
  Time since last request: 0.411177 seconds.
  path: Packages/com.unity.2d.animation/Editor/Assets/EditorIcons/Light/Create Bones@3x.png
  artifactKey: Guid(803b0b9bfc1fd824aae8423bfbab83b4) Importer(815301076,1909f56bfc062723c751e8b465ee728b)
Start importing Packages/com.unity.2d.animation/Editor/Assets/EditorIcons/Light/Create Bones@3x.png using Guid(803b0b9bfc1fd824aae8423bfbab83b4) Importer(815301076,1909f56bfc062723c751e8b465ee728b) (PreviewImporter) -> (artifact id: 'aed3a0ad4be416a973244afbf69809b2') in 0.012585527 seconds
Number of updated asset objects reloaded before import = 0Number of asset objects unloaded after import = 3

========================================================================
Received Import Request.
  Time since last request: 0.068448 seconds.
  path: Packages/com.unity.2d.animation/Editor/Assets/EditorIcons/Selected/Create Bones@4x.png
  artifactKey: Guid(61ac40b257b3a994f841856ad38b2b6b) Importer(815301076,1909f56bfc062723c751e8b465ee728b)
Start importing Packages/com.unity.2d.animation/Editor/Assets/EditorIcons/Selected/Create Bones@4x.png using Guid(61ac40b257b3a994f841856ad38b2b6b) Importer(815301076,1909f56bfc062723c751e8b465ee728b) (PreviewImporter) -> (artifact id: 'e0125631e6981ecb8a83fee7ef47518b') in 0.008755481 seconds
Number of updated asset objects reloaded before import = 0Number of asset objects unloaded after import = 3

========================================================================
Received Import Request.
  Time since last request: 0.028792 seconds.
  path: Packages/com.unity.2d.animation/Editor/Assets/EditorIcons/Light/Create_Edge.png
  artifactKey: Guid(1af9d2e44ecf3a2468601c9071df581f) Importer(815301076,1909f56bfc062723c751e8b465ee728b)
Start importing Packages/com.unity.2d.animation/Editor/Assets/EditorIcons/Light/Create_Edge.png using Guid(1af9d2e44ecf3a2468601c9071df581f) Importer(815301076,1909f56bfc062723c751e8b465ee728b) (PreviewImporter) -> (artifact id: '2e2932c8d818e5dde915f92dc47ef2e0') in 0.00736698 seconds
Number of updated asset objects reloaded before import = 0Number of asset objects unloaded after import = 3

========================================================================
Received Import Request.
  Time since last request: 0.695944 seconds.
  path: Packages/com.unity.2d.animation/Editor/Assets/EditorIcons/Selected/Create_Vertex@2x.png
  artifactKey: Guid(8afb57fea8c4eea4a8085e91c810380b) Importer(815301076,1909f56bfc062723c751e8b465ee728b)
Start importing Packages/com.unity.2d.animation/Editor/Assets/EditorIcons/Selected/Create_Vertex@2x.png using Guid(8afb57fea8c4eea4a8085e91c810380b) Importer(815301076,1909f56bfc062723c751e8b465ee728b) (PreviewImporter) -> (artifact id: 'f1e22daa682eb114c91b022c16b86d3b') in 0.012019056 seconds
Number of updated asset objects reloaded before import = 0Number of asset objects unloaded after import = 3

========================================================================
Received Import Request.
  Time since last request: 0.412520 seconds.
  path: Packages/com.unity.2d.animation/Editor/Assets/EditorIcons/Light/Create_Vertex@3x.png
  artifactKey: Guid(66fa19194577350438c952106f661c2f) Importer(815301076,1909f56bfc062723c751e8b465ee728b)
Start importing Packages/com.unity.2d.animation/Editor/Assets/EditorIcons/Light/Create_Vertex@3x.png using Guid(66fa19194577350438c952106f661c2f) Importer(815301076,1909f56bfc062723c751e8b465ee728b) (PreviewImporter) -> (artifact id: '16d9802306e22959884c9d636481cb61') in 0.012129113 seconds
Number of updated asset objects reloaded before import = 0Number of asset objects unloaded after import = 3

========================================================================
Received Import Request.
  Time since last request: 0.009292 seconds.
  path: Packages/com.unity.2d.animation/Editor/Assets/EditorIcons/Selected/Create_Vertex@4x.png
  artifactKey: Guid(6a7ac9e8c26b12440bf2b1da2ca97794) Importer(815301076,1909f56bfc062723c751e8b465ee728b)
Start importing Packages/com.unity.2d.animation/Editor/Assets/EditorIcons/Selected/Create_Vertex@4x.png using Guid(6a7ac9e8c26b12440bf2b1da2ca97794) Importer(815301076,1909f56bfc062723c751e8b465ee728b) (PreviewImporter) -> (artifact id: '3f2e51a08ac364f82d3f1e172b4150d8') in 0.008005118 seconds
Number of updated asset objects reloaded before import = 0Number of asset objects unloaded after import = 3

========================================================================
Received Import Request.
  Time since last request: 0.000015 seconds.
  path: Packages/com.unity.render-pipelines.core/Editor/LookDev/Icons/d_Add.png
  artifactKey: Guid(160b197aba549514286b94426ceae589) Importer(815301076,1909f56bfc062723c751e8b465ee728b)
Start importing Packages/com.unity.render-pipelines.core/Editor/LookDev/Icons/d_Add.png using Guid(160b197aba549514286b94426ceae589) Importer(815301076,1909f56bfc062723c751e8b465ee728b) (PreviewImporter) -> (artifact id: 'b36b16d7e6ad43891e7e0b05f1903d02') in 0.006418636 seconds
Number of updated asset objects reloaded before import = 0Number of asset objects unloaded after import = 3

========================================================================
Received Import Request.
  Time since last request: 0.000019 seconds.
  path: Packages/com.unity.2d.animation/Editor/Assets/ComponentIcons/d_Animation.IKCCD.png
  artifactKey: Guid(9fa9bae87905c44afb14ac13c8e481d1) Importer(815301076,1909f56bfc062723c751e8b465ee728b)
Start importing Packages/com.unity.2d.animation/Editor/Assets/ComponentIcons/d_Animation.IKCCD.png using Guid(9fa9bae87905c44afb14ac13c8e481d1) Importer(815301076,1909f56bfc062723c751e8b465ee728b) (PreviewImporter) -> (artifact id: '9730a0fa709a976d7a77df4f4539ff9e') in 0.006545474 seconds
Number of updated asset objects reloaded before import = 0Number of asset objects unloaded after import = 3

========================================================================
Received Import Request.
  Time since last request: 0.029931 seconds.
  path: Packages/com.unity.2d.animation/Editor/Assets/ComponentIcons/d_Animation.IKCCD@64.png
  artifactKey: Guid(dac7ed727b01c440b9eeee0e2641a333) Importer(815301076,1909f56bfc062723c751e8b465ee728b)
Start importing Packages/com.unity.2d.animation/Editor/Assets/ComponentIcons/d_Animation.IKCCD@64.png using Guid(dac7ed727b01c440b9eeee0e2641a333) Importer(815301076,1909f56bfc062723c751e8b465ee728b) (PreviewImporter) -> (artifact id: 'b475ea040a7db8ec1fee72e9b8bb3411') in 0.006945133 seconds
Number of updated asset objects reloaded before import = 0Number of asset objects unloaded after import = 3

========================================================================
Received Import Request.
  Time since last request: 0.448652 seconds.
  path: Packages/com.unity.2d.animation/Editor/Assets/ComponentIcons/d_Animation.IKCCD@256.png
  artifactKey: Guid(f2df2ca130cfb4705ae418741cb26ff7) Importer(815301076,1909f56bfc062723c751e8b465ee728b)
Start importing Packages/com.unity.2d.animation/Editor/Assets/ComponentIcons/d_Animation.IKCCD@256.png using Guid(f2df2ca130cfb4705ae418741cb26ff7) Importer(815301076,1909f56bfc062723c751e8b465ee728b) (PreviewImporter) -> (artifact id: 'd623590abbb67a5ea36bc7f5823ce203') in 0.015825933 seconds
Number of updated asset objects reloaded before import = 0Number of asset objects unloaded after import = 3

========================================================================
Received Import Request.
  Time since last request: 0.063475 seconds.
  path: Packages/com.unity.2d.animation/Editor/Assets/ComponentIcons/d_Animation.IKFabrik@32.png
  artifactKey: Guid(343de650405d34e75bf52853707670d5) Importer(815301076,1909f56bfc062723c751e8b465ee728b)
Start importing Packages/com.unity.2d.animation/Editor/Assets/ComponentIcons/d_Animation.IKFabrik@32.png using Guid(343de650405d34e75bf52853707670d5) Importer(815301076,1909f56bfc062723c751e8b465ee728b) (PreviewImporter) -> (artifact id: 'd4993e91ef1d0303cccc7ff669b80f8f') in 0.00879288 seconds
Number of updated asset objects reloaded before import = 0Number of asset objects unloaded after import = 3

========================================================================
Received Import Request.
  Time since last request: 0.061192 seconds.
  path: Packages/com.unity.2d.animation/Editor/Assets/ComponentIcons/d_Animation.IKLimb.png
  artifactKey: Guid(aba5d07cce7d34a7587f27f48d05dd9b) Importer(815301076,1909f56bfc062723c751e8b465ee728b)
Start importing Packages/com.unity.2d.animation/Editor/Assets/ComponentIcons/d_Animation.IKLimb.png using Guid(aba5d07cce7d34a7587f27f48d05dd9b) Importer(815301076,1909f56bfc062723c751e8b465ee728b) (PreviewImporter) -> (artifact id: 'd79aef4897a8e408262492b2f884a6ff') in 0.007747309 seconds
Number of updated asset objects reloaded before import = 0Number of asset objects unloaded after import = 3

========================================================================
Received Import Request.
  Time since last request: 0.457202 seconds.
  path: Packages/com.unity.2d.animation/Editor/Assets/ComponentIcons/d_Animation.IKLimb@64.png
  artifactKey: Guid(c4b88bdeab9b1418083e414b97e3f1cd) Importer(815301076,1909f56bfc062723c751e8b465ee728b)
Start importing Packages/com.unity.2d.animation/Editor/Assets/ComponentIcons/d_Animation.IKLimb@64.png using Guid(c4b88bdeab9b1418083e414b97e3f1cd) Importer(815301076,1909f56bfc062723c751e8b465ee728b) (PreviewImporter) -> (artifact id: '91c6387545e063d343ae664b98c5bbb4') in 0.011810545 seconds
Number of updated asset objects reloaded before import = 0Number of asset objects unloaded after import = 3

========================================================================
Received Import Request.
  Time since last request: 0.062233 seconds.
  path: Packages/com.unity.2d.animation/Editor/Assets/ComponentIcons/d_Animation.IKLimb@256.png
  artifactKey: Guid(687d960e2731e4f379851b2bb0b12167) Importer(815301076,1909f56bfc062723c751e8b465ee728b)
Start importing Packages/com.unity.2d.animation/Editor/Assets/ComponentIcons/d_Animation.IKLimb@256.png using Guid(687d960e2731e4f379851b2bb0b12167) Importer(815301076,1909f56bfc062723c751e8b465ee728b) (PreviewImporter) -> (artifact id: '28c4efec79fbc12cad31eaaf0728007c') in 0.017307363 seconds
Number of updated asset objects reloaded before import = 0Number of asset objects unloaded after import = 3

========================================================================
Received Import Request.
  Time since last request: 0.044184 seconds.
  path: Packages/com.unity.2d.animation/Editor/Assets/ComponentIcons/d_Animation.IKManager@32.png
  artifactKey: Guid(305b8effee6b040328c293f518335b37) Importer(815301076,1909f56bfc062723c751e8b465ee728b)
Start importing Packages/com.unity.2d.animation/Editor/Assets/ComponentIcons/d_Animation.IKManager@32.png using Guid(305b8effee6b040328c293f518335b37) Importer(815301076,1909f56bfc062723c751e8b465ee728b) (PreviewImporter) -> (artifact id: '8c46bff51f427e79a4849a33e18d0011') in 0.007578288 seconds
Number of updated asset objects reloaded before import = 0Number of asset objects unloaded after import = 3

========================================================================
Received Import Request.
  Time since last request: 0.458501 seconds.
  path: Packages/com.unity.2d.animation/Editor/Assets/ComponentIcons/d_Animation.SpriteLibrary.png
  artifactKey: Guid(4d3519975d99540eba1637a8a3e58f11) Importer(815301076,1909f56bfc062723c751e8b465ee728b)
Start importing Packages/com.unity.2d.animation/Editor/Assets/ComponentIcons/d_Animation.SpriteLibrary.png using Guid(4d3519975d99540eba1637a8a3e58f11) Importer(815301076,1909f56bfc062723c751e8b465ee728b) (PreviewImporter) -> (artifact id: '300bce12f606d9297972506042609898') in 0.010850462 seconds
Number of updated asset objects reloaded before import = 0Number of asset objects unloaded after import = 3

========================================================================
Received Import Request.
  Time since last request: 0.067681 seconds.
  path: Packages/com.unity.2d.animation/Editor/Assets/ComponentIcons/d_Animation.SpriteLibrary@64.png
  artifactKey: Guid(01e72f012aab14abcadc8f12c615e6d6) Importer(815301076,1909f56bfc062723c751e8b465ee728b)
Start importing Packages/com.unity.2d.animation/Editor/Assets/ComponentIcons/d_Animation.SpriteLibrary@64.png using Guid(01e72f012aab14abcadc8f12c615e6d6) Importer(815301076,1909f56bfc062723c751e8b465ee728b) (PreviewImporter) -> (artifact id: '531993bb7a58f4e144519931cf805708') in 0.008720723 seconds
Number of updated asset objects reloaded before import = 0Number of asset objects unloaded after import = 3

========================================================================
Received Import Request.
  Time since last request: 0.064780 seconds.
  path: Packages/com.unity.2d.animation/Editor/Assets/ComponentIcons/d_Animation.SpriteLibraryManager@2x.png
  artifactKey: Guid(7e3251474ee614d5bba6dfa1affe3e86) Importer(815301076,1909f56bfc062723c751e8b465ee728b)
Start importing Packages/com.unity.2d.animation/Editor/Assets/ComponentIcons/d_Animation.SpriteLibraryManager@2x.png using Guid(7e3251474ee614d5bba6dfa1affe3e86) Importer(815301076,1909f56bfc062723c751e8b465ee728b) (PreviewImporter) -> (artifact id: 'be1999ec38fe2309de98ec26ee284cce') in 0.008015179 seconds
Number of updated asset objects reloaded before import = 0Number of asset objects unloaded after import = 3

========================================================================
Received Import Request.
  Time since last request: 0.370935 seconds.
  path: Packages/com.unity.2d.animation/Editor/Assets/ComponentIcons/d_Animation.SpriteLibraryManager@64.png
  artifactKey: Guid(727af22e923264f0ca2530a410e2d7ab) Importer(815301076,1909f56bfc062723c751e8b465ee728b)
Start importing Packages/com.unity.2d.animation/Editor/Assets/ComponentIcons/d_Animation.SpriteLibraryManager@64.png using Guid(727af22e923264f0ca2530a410e2d7ab) Importer(815301076,1909f56bfc062723c751e8b465ee728b) (PreviewImporter) -> (artifact id: 'ffffac2e476a9ccd840d901c12263e1e') in 0.009639805 seconds
Number of updated asset objects reloaded before import = 0Number of asset objects unloaded after import = 3

========================================================================
Received Import Request.
  Time since last request: 0.069998 seconds.
  path: Packages/com.unity.2d.animation/Editor/Assets/ComponentIcons/d_Animation.SpriteLibraryManager@256.png
  artifactKey: Guid(cf27adadd6b1f42eebc0e8ab8f0d091d) Importer(815301076,1909f56bfc062723c751e8b465ee728b)
Start importing Packages/com.unity.2d.animation/Editor/Assets/ComponentIcons/d_Animation.SpriteLibraryManager@256.png using Guid(cf27adadd6b1f42eebc0e8ab8f0d091d) Importer(815301076,1909f56bfc062723c751e8b465ee728b) (PreviewImporter) -> (artifact id: 'e9150be61a085db279b9ccd134b4aa02') in 0.012578678 seconds
Number of updated asset objects reloaded before import = 0Number of asset objects unloaded after import = 3

========================================================================
Received Import Request.
  Time since last request: 0.057873 seconds.
  path: Packages/com.unity.2d.animation/Editor/Assets/ComponentIcons/d_Animation.SpriteLibraryVar@128.png
  artifactKey: Guid(c38da00047c364d939a5857fc7e8a17a) Importer(815301076,1909f56bfc062723c751e8b465ee728b)
Start importing Packages/com.unity.2d.animation/Editor/Assets/ComponentIcons/d_Animation.SpriteLibraryVar@128.png using Guid(c38da00047c364d939a5857fc7e8a17a) Importer(815301076,1909f56bfc062723c751e8b465ee728b) (PreviewImporter) -> (artifact id: '1b412ffc4f77d71880fe98c995194091') in 0.010051872 seconds
Number of updated asset objects reloaded before import = 0Number of asset objects unloaded after import = 3

========================================================================
Received Import Request.
  Time since last request: 0.447071 seconds.
  path: Packages/com.unity.2d.animation/Editor/Assets/ComponentIcons/d_Animation.SpriteResolver.png
  artifactKey: Guid(a1585a67bdb5741a6bc69877b78cdcd3) Importer(815301076,1909f56bfc062723c751e8b465ee728b)
Start importing Packages/com.unity.2d.animation/Editor/Assets/ComponentIcons/d_Animation.SpriteResolver.png using Guid(a1585a67bdb5741a6bc69877b78cdcd3) Importer(815301076,1909f56bfc062723c751e8b465ee728b) (PreviewImporter) -> (artifact id: 'f8198a8f6dea079a7e832df3073e666a') in 0.011395435 seconds
Number of updated asset objects reloaded before import = 0Number of asset objects unloaded after import = 3

========================================================================
Received Import Request.
  Time since last request: 0.076238 seconds.
  path: Packages/com.unity.2d.animation/Editor/Assets/ComponentIcons/d_Animation.SpriteResolver@256.png
  artifactKey: Guid(4c78d8667944f4116ba9dd56d2219e77) Importer(815301076,1909f56bfc062723c751e8b465ee728b)
Start importing Packages/com.unity.2d.animation/Editor/Assets/ComponentIcons/d_Animation.SpriteResolver@256.png using Guid(4c78d8667944f4116ba9dd56d2219e77) Importer(815301076,1909f56bfc062723c751e8b465ee728b) (PreviewImporter) -> (artifact id: '91ffc2ff8e8eabe03ee1e43e33ade916') in 0.013481285 seconds
Number of updated asset objects reloaded before import = 0Number of asset objects unloaded after import = 3

========================================================================
Received Import Request.
  Time since last request: 0.092199 seconds.
  path: Packages/com.unity.2d.animation/Editor/Assets/ComponentIcons/d_Animation.SpriteSkin@128.png
  artifactKey: Guid(30cc8dc04de434864a26b5fc25a7a5a4) Importer(815301076,1909f56bfc062723c751e8b465ee728b)
Start importing Packages/com.unity.2d.animation/Editor/Assets/ComponentIcons/d_Animation.SpriteSkin@128.png using Guid(30cc8dc04de434864a26b5fc25a7a5a4) Importer(815301076,1909f56bfc062723c751e8b465ee728b) (PreviewImporter) -> (artifact id: '94a0262264f5155b8964f535c2873b79') in 0.0099368 seconds
Number of updated asset objects reloaded before import = 0Number of asset objects unloaded after import = 3

========================================================================
Received Import Request.
  Time since last request: 0.363892 seconds.
  path: Packages/com.unity.2d.animation/Editor/Assets/EditorIcons/Dark/d_Bone.png
  artifactKey: Guid(fc2eaf4b0441b7645960252182c27446) Importer(815301076,1909f56bfc062723c751e8b465ee728b)
Start importing Packages/com.unity.2d.animation/Editor/Assets/EditorIcons/Dark/d_Bone.png using Guid(fc2eaf4b0441b7645960252182c27446) Importer(815301076,1909f56bfc062723c751e8b465ee728b) (PreviewImporter) -> (artifact id: 'fe9a9c0fc9e5b06fd1f04774a9fa8a72') in 0.010282084 seconds
Number of updated asset objects reloaded before import = 0Number of asset objects unloaded after import = 3

========================================================================
Received Import Request.
  Time since last request: 0.063572 seconds.
  path: Packages/com.unity.2d.animation/Editor/Assets/EditorIcons/Dark/d_Bone@2x.png
  artifactKey: Guid(17d971605cfbaea47b0d10b0b5dbc406) Importer(815301076,1909f56bfc062723c751e8b465ee728b)
Start importing Packages/com.unity.2d.animation/Editor/Assets/EditorIcons/Dark/d_Bone@2x.png using Guid(17d971605cfbaea47b0d10b0b5dbc406) Importer(815301076,1909f56bfc062723c751e8b465ee728b) (PreviewImporter) -> (artifact id: '5590d48d176cd7dc8a3ba015dfee7194') in 0.009396074 seconds
Number of updated asset objects reloaded before import = 0Number of asset objects unloaded after import = 3

========================================================================
Received Import Request.
  Time since last request: 0.045993 seconds.
  path: Packages/com.unity.2d.animation/Editor/Assets/EditorIcons/Dark/d_Bone@3x.png
  artifactKey: Guid(fe145a004cb46de488885e70d26cade0) Importer(815301076,1909f56bfc062723c751e8b465ee728b)
Start importing Packages/com.unity.2d.animation/Editor/Assets/EditorIcons/Dark/d_Bone@3x.png using Guid(fe145a004cb46de488885e70d26cade0) Importer(815301076,1909f56bfc062723c751e8b465ee728b) (PreviewImporter) -> (artifact id: '26878a3d52d2f31c41ce6c24421ee8da') in 0.007843048 seconds
Number of updated asset objects reloaded before import = 0Number of asset objects unloaded after import = 3

========================================================================
Received Import Request.
  Time since last request: 0.441319 seconds.
  path: Packages/com.unity.2d.animation/Editor/Assets/EditorIcons/Dark/d_Bone_Influence.png
  artifactKey: Guid(c037c4c58e8d8c34ca9bf121abb7ee49) Importer(815301076,1909f56bfc062723c751e8b465ee728b)
Start importing Packages/com.unity.2d.animation/Editor/Assets/EditorIcons/Dark/d_Bone_Influence.png using Guid(c037c4c58e8d8c34ca9bf121abb7ee49) Importer(815301076,1909f56bfc062723c751e8b465ee728b) (PreviewImporter) -> (artifact id: 'b66395e0b5eb5cabb89247826dd48abc') in 0.011041549 seconds
Number of updated asset objects reloaded before import = 0Number of asset objects unloaded after import = 3

========================================================================
Received Import Request.
  Time since last request: 0.072742 seconds.
  path: Packages/com.unity.render-pipelines.core/Editor/LookDev/Icons/d_Camera1.png
  artifactKey: Guid(56c35c86bb44b0e4e84a22db56968157) Importer(815301076,1909f56bfc062723c751e8b465ee728b)
Start importing Packages/com.unity.render-pipelines.core/Editor/LookDev/Icons/d_Camera1.png using Guid(56c35c86bb44b0e4e84a22db56968157) Importer(815301076,1909f56bfc062723c751e8b465ee728b) (PreviewImporter) -> (artifact id: 'e98d07d75fa64a8a232e36c74c4d6a0e') in 0.007765442 seconds
Number of updated asset objects reloaded before import = 0Number of asset objects unloaded after import = 3

========================================================================
Received Import Request.
  Time since last request: 0.006377 seconds.
  path: Packages/com.unity.render-pipelines.core/Editor/LookDev/Icons/d_Camera2.png
  artifactKey: Guid(281160d54742cbb44a88a61bf8ccfb16) Importer(815301076,1909f56bfc062723c751e8b465ee728b)
Start importing Packages/com.unity.render-pipelines.core/Editor/LookDev/Icons/d_Camera2.png using Guid(281160d54742cbb44a88a61bf8ccfb16) Importer(815301076,1909f56bfc062723c751e8b465ee728b) (PreviewImporter) -> (artifact id: '349cdb630db037d05d75836c1ef51742') in 0.006645062 seconds
Number of updated asset objects reloaded before import = 0Number of asset objects unloaded after import = 3

========================================================================
Received Import Request.
  Time since last request: 0.036043 seconds.
  path: Packages/com.unity.render-pipelines.core/Editor/LookDev/Icons/d_CenterLight.png
  artifactKey: Guid(fca3bc21b4600e04faaddb69c5fad81e) Importer(815301076,1909f56bfc062723c751e8b465ee728b)
Start importing Packages/com.unity.render-pipelines.core/Editor/LookDev/Icons/d_CenterLight.png using Guid(fca3bc21b4600e04faaddb69c5fad81e) Importer(815301076,1909f56bfc062723c751e8b465ee728b) (PreviewImporter) -> (artifact id: '65e0b9afa7b89ef154c7f8677f8a4e26') in 0.006056922 seconds
Number of updated asset objects reloaded before import = 0Number of asset objects unloaded after import = 3

========================================================================
Received Import Request.
  Time since last request: 0.414861 seconds.
  path: Packages/com.unity.2d.animation/Editor/Assets/EditorIcons/Dark/d_character_Mode.png
  artifactKey: Guid(a33833072bf90f34c856623b67d0e897) Importer(815301076,1909f56bfc062723c751e8b465ee728b)
Start importing Packages/com.unity.2d.animation/Editor/Assets/EditorIcons/Dark/d_character_Mode.png using Guid(a33833072bf90f34c856623b67d0e897) Importer(815301076,1909f56bfc062723c751e8b465ee728b) (PreviewImporter) -> (artifact id: '27f044aaf0df5ca1fccc5011e3d69583') in 0.009408569 seconds
Number of updated asset objects reloaded before import = 0Number of asset objects unloaded after import = 3

========================================================================
Received Import Request.
  Time since last request: 0.039371 seconds.
  path: Packages/com.unity.2d.animation/Editor/Assets/EditorIcons/Dark/d_character_Mode@3x.png
  artifactKey: Guid(c22340e383b54c44196cb7765328e79d) Importer(815301076,1909f56bfc062723c751e8b465ee728b)
Start importing Packages/com.unity.2d.animation/Editor/Assets/EditorIcons/Dark/d_character_Mode@3x.png using Guid(c22340e383b54c44196cb7765328e79d) Importer(815301076,1909f56bfc062723c751e8b465ee728b) (PreviewImporter) -> (artifact id: 'e382de3f92bd329d086599f1c850fe7e') in 0.009037523 seconds
Number of updated asset objects reloaded before import = 0Number of asset objects unloaded after import = 3

========================================================================
Received Import Request.
  Time since last request: 0.061823 seconds.
  path: Packages/com.unity.2d.animation/Editor/Assets/EditorIcons/Dark/d_Copy@3x.png
  artifactKey: Guid(3b5ad4dfc78124a489bb5c48a4b57195) Importer(815301076,1909f56bfc062723c751e8b465ee728b)
Start importing Packages/com.unity.2d.animation/Editor/Assets/EditorIcons/Dark/d_Copy@3x.png using Guid(3b5ad4dfc78124a489bb5c48a4b57195) Importer(815301076,1909f56bfc062723c751e8b465ee728b) (PreviewImporter) -> (artifact id: 'dd9070559ae67a840f0dbef29ae4cb39') in 0.009772082 seconds
Number of updated asset objects reloaded before import = 0Number of asset objects unloaded after import = 3

========================================================================
Received Import Request.
  Time since last request: 0.382155 seconds.
  path: Packages/com.unity.2d.animation/Editor/Assets/EditorIcons/Dark/d_Create Bones.png
  artifactKey: Guid(b4b58192a0265df4980d56bf9054df08) Importer(815301076,1909f56bfc062723c751e8b465ee728b)
Start importing Packages/com.unity.2d.animation/Editor/Assets/EditorIcons/Dark/d_Create Bones.png using Guid(b4b58192a0265df4980d56bf9054df08) Importer(815301076,1909f56bfc062723c751e8b465ee728b) (PreviewImporter) -> (artifact id: '2c9dda32a58756199e9ebe054fc7afc5') in 0.008290995 seconds
Number of updated asset objects reloaded before import = 0Number of asset objects unloaded after import = 3

========================================================================
Received Import Request.
  Time since last request: 0.034165 seconds.
  path: Packages/com.unity.2d.animation/Editor/Assets/EditorIcons/Dark/d_Create_Edge.png
  artifactKey: Guid(7a5bb676bcccfea429f2138b6fbd005e) Importer(815301076,1909f56bfc062723c751e8b465ee728b)
Start importing Packages/com.unity.2d.animation/Editor/Assets/EditorIcons/Dark/d_Create_Edge.png using Guid(7a5bb676bcccfea429f2138b6fbd005e) Importer(815301076,1909f56bfc062723c751e8b465ee728b) (PreviewImporter) -> (artifact id: '60294913340e6eae70f2cb3ae968136e') in 0.007919577 seconds
Number of updated asset objects reloaded before import = 0Number of asset objects unloaded after import = 3

========================================================================
Received Import Request.
  Time since last request: 0.000016 seconds.
  path: Packages/com.unity.2d.animation/Editor/Assets/EditorIcons/Dark/d_Create_Edge@3x.png
  artifactKey: Guid(9d68cf945428ac2448d4c657f30b31cc) Importer(815301076,1909f56bfc062723c751e8b465ee728b)
Start importing Packages/com.unity.2d.animation/Editor/Assets/EditorIcons/Dark/d_Create_Edge@3x.png using Guid(9d68cf945428ac2448d4c657f30b31cc) Importer(815301076,1909f56bfc062723c751e8b465ee728b) (PreviewImporter) -> (artifact id: '89a7e4c7d0ec126a4033ca657cd1210b') in 0.007003441 seconds
Number of updated asset objects reloaded before import = 0Number of asset objects unloaded after import = 3

========================================================================
Received Import Request.
  Time since last request: 0.000014 seconds.
  path: Packages/com.unity.2d.animation/Editor/Assets/EditorIcons/Dark/d_Create_Vertex.png
  artifactKey: Guid(efe4b927ec825b242bf70d64c4258c1e) Importer(815301076,1909f56bfc062723c751e8b465ee728b)
Start importing Packages/com.unity.2d.animation/Editor/Assets/EditorIcons/Dark/d_Create_Vertex.png using Guid(efe4b927ec825b242bf70d64c4258c1e) Importer(815301076,1909f56bfc062723c751e8b465ee728b) (PreviewImporter) -> (artifact id: '4eb90fc75a2d85d2919ccd3a24bc12f7') in 0.006044908 seconds
Number of updated asset objects reloaded before import = 0Number of asset objects unloaded after import = 3

========================================================================
Received Import Request.
  Time since last request: 0.157723 seconds.
  path: Packages/com.unity.2d.animation/Editor/Assets/EditorIcons/Dark/d_Create_Vertex@3x.png
  artifactKey: Guid(501233c9f1da3ef44b4ff7115f564d9b) Importer(815301076,1909f56bfc062723c751e8b465ee728b)
Start importing Packages/com.unity.2d.animation/Editor/Assets/EditorIcons/Dark/d_Create_Vertex@3x.png using Guid(501233c9f1da3ef44b4ff7115f564d9b) Importer(815301076,1909f56bfc062723c751e8b465ee728b) (PreviewImporter) -> (artifact id: 'd1260bdafe0d9d6a77c1c850840a2d5a') in 0.008143973 seconds
Number of updated asset objects reloaded before import = 0Number of asset objects unloaded after import = 3

========================================================================
Received Import Request.
  Time since last request: 0.000017 seconds.
  path: Packages/com.unity.render-pipelines.core/Editor/LookDev/Icons/d_Duplicate.png
  artifactKey: Guid(0d692588b1d40e9429620400bd5efe63) Importer(815301076,1909f56bfc062723c751e8b465ee728b)
Start importing Packages/com.unity.render-pipelines.core/Editor/LookDev/Icons/d_Duplicate.png using Guid(0d692588b1d40e9429620400bd5efe63) Importer(815301076,1909f56bfc062723c751e8b465ee728b) (PreviewImporter) -> (artifact id: '740c134ab8cca79129033803bc6196cb') in 0.006098675 seconds
Number of updated asset objects reloaded before import = 0Number of asset objects unloaded after import = 3

========================================================================
Received Import Request.
  Time since last request: 0.038017 seconds.
  path: Packages/com.unity.2d.animation/Editor/Assets/EditorIcons/Dark/d_Edit_Geometry.png
  artifactKey: Guid(a855026b258150c418b14e56540f642a) Importer(815301076,1909f56bfc062723c751e8b465ee728b)
Start importing Packages/com.unity.2d.animation/Editor/Assets/EditorIcons/Dark/d_Edit_Geometry.png using Guid(a855026b258150c418b14e56540f642a) Importer(815301076,1909f56bfc062723c751e8b465ee728b) (PreviewImporter) -> (artifact id: '01b9756a850350674c6a3924fb7c21b4') in 0.006467186 seconds
Number of updated asset objects reloaded before import = 0Number of asset objects unloaded after import = 3

========================================================================
Received Import Request.
  Time since last request: 0.180544 seconds.
  path: Packages/com.unity.2d.animation/Editor/Assets/EditorIcons/Dark/d_Edit_Geometry@3x.png
  artifactKey: Guid(0ff8fd73a1ad1284eb30ab319560b4c7) Importer(815301076,1909f56bfc062723c751e8b465ee728b)
Start importing Packages/com.unity.2d.animation/Editor/Assets/EditorIcons/Dark/d_Edit_Geometry@3x.png using Guid(0ff8fd73a1ad1284eb30ab319560b4c7) Importer(815301076,1909f56bfc062723c751e8b465ee728b) (PreviewImporter) -> (artifact id: '9b4693284501feb549a44131e72a3106') in 0.009087595 seconds
Number of updated asset objects reloaded before import = 0Number of asset objects unloaded after import = 3

========================================================================
Received Import Request.
  Time since last request: 0.000017 seconds.
  path: Packages/com.unity.2d.animation/Editor/Assets/EditorIcons/Dark/d_Edit_Joints@2x.png
  artifactKey: Guid(eecbc6949fc2aac40bfe64caade7a594) Importer(815301076,1909f56bfc062723c751e8b465ee728b)
Start importing Packages/com.unity.2d.animation/Editor/Assets/EditorIcons/Dark/d_Edit_Joints@2x.png using Guid(eecbc6949fc2aac40bfe64caade7a594) Importer(815301076,1909f56bfc062723c751e8b465ee728b) (PreviewImporter) -> (artifact id: '13ebd33f0a01264698ea4c210d5c82f4') in 0.006671359 seconds
Number of updated asset objects reloaded before import = 0Number of asset objects unloaded after import = 3

========================================================================
Received Import Request.
  Time since last request: 0.033179 seconds.
  path: Packages/com.unity.2d.animation/Editor/Assets/EditorIcons/Dark/d_Edit_Joints@3x.png
  artifactKey: Guid(e76bc39dceb8b72439432f8679056c92) Importer(815301076,1909f56bfc062723c751e8b465ee728b)
Start importing Packages/com.unity.2d.animation/Editor/Assets/EditorIcons/Dark/d_Edit_Joints@3x.png using Guid(e76bc39dceb8b72439432f8679056c92) Importer(815301076,1909f56bfc062723c751e8b465ee728b) (PreviewImporter) -> (artifact id: 'fb51c6f3eb31684b287f11072b6cc72a') in 0.007481954 seconds
Number of updated asset objects reloaded before import = 0Number of asset objects unloaded after import = 3

========================================================================
Received Import Request.
  Time since last request: 0.151630 seconds.
  path: Packages/com.unity.2d.animation/Editor/Assets/EditorIcons/Dark/d_Edit_Pose.png
  artifactKey: Guid(7a6cafa65c507e240b7293250b094e10) Importer(815301076,1909f56bfc062723c751e8b465ee728b)
Start importing Packages/com.unity.2d.animation/Editor/Assets/EditorIcons/Dark/d_Edit_Pose.png using Guid(7a6cafa65c507e240b7293250b094e10) Importer(815301076,1909f56bfc062723c751e8b465ee728b) (PreviewImporter) -> (artifact id: '539775e2415ccd41ed7282e274d53e09') in 0.00796736 seconds
Number of updated asset objects reloaded before import = 0Number of asset objects unloaded after import = 3

========================================================================
Received Import Request.
  Time since last request: 0.000022 seconds.
  path: Packages/com.unity.2d.animation/Editor/Assets/EditorIcons/Dark/d_Edit_Pose@3x.png
  artifactKey: Guid(334b0c5a2da656f4a9d2fe6b658cfd68) Importer(815301076,1909f56bfc062723c751e8b465ee728b)
Start importing Packages/com.unity.2d.animation/Editor/Assets/EditorIcons/Dark/d_Edit_Pose@3x.png using Guid(334b0c5a2da656f4a9d2fe6b658cfd68) Importer(815301076,1909f56bfc062723c751e8b465ee728b) (PreviewImporter) -> (artifact id: '087084617bc022dd308b8dce2cccd530') in 0.007129629 seconds
Number of updated asset objects reloaded before import = 0Number of asset objects unloaded after import = 3

========================================================================
Received Import Request.
  Time since last request: 0.036205 seconds.
  path: Packages/com.unity.2d.animation/Editor/Assets/EditorIcons/Dark/d_EditorUI.Filter.png
  artifactKey: Guid(a8da56a2d332845258195016e4f58611) Importer(815301076,1909f56bfc062723c751e8b465ee728b)
Start importing Packages/com.unity.2d.animation/Editor/Assets/EditorIcons/Dark/d_EditorUI.Filter.png using Guid(a8da56a2d332845258195016e4f58611) Importer(815301076,1909f56bfc062723c751e8b465ee728b) (PreviewImporter) -> (artifact id: '64f0d28ebb9c27c8cdac67b102599d60') in 0.006341128 seconds
Number of updated asset objects reloaded before import = 0Number of asset objects unloaded after import = 3

========================================================================
Received Import Request.
  Time since last request: 0.141397 seconds.
  path: Packages/com.unity.2d.animation/Editor/Assets/EditorIcons/Dark/d_EditorUI.Filter@2x.png
  artifactKey: Guid(fda2e829442ad4c0d875a0f52dd3a487) Importer(815301076,1909f56bfc062723c751e8b465ee728b)
Start importing Packages/com.unity.2d.animation/Editor/Assets/EditorIcons/Dark/d_EditorUI.Filter@2x.png using Guid(fda2e829442ad4c0d875a0f52dd3a487) Importer(815301076,1909f56bfc062723c751e8b465ee728b) (PreviewImporter) -> (artifact id: '97cb85436ee8ea94e3bdaf0c301be219') in 0.011112901 seconds
Number of updated asset objects reloaded before import = 0Number of asset objects unloaded after import = 3

========================================================================
Received Import Request.
  Time since last request: 0.000018 seconds.
  path: Packages/com.unity.2d.tilemap/Editor/Icons/d_EditorUI.Target.png
  artifactKey: Guid(04e6c3cc740a491458073f2f715066f6) Importer(815301076,1909f56bfc062723c751e8b465ee728b)
Start importing Packages/com.unity.2d.tilemap/Editor/Icons/d_EditorUI.Target.png using Guid(04e6c3cc740a491458073f2f715066f6) Importer(815301076,1909f56bfc062723c751e8b465ee728b) (PreviewImporter) -> (artifact id: 'd9b90c40bccf0e7d76bfc182fb48be80') in 0.008974676 seconds
Number of updated asset objects reloaded before import = 0Number of asset objects unloaded after import = 3

========================================================================
Received Import Request.
  Time since last request: 0.032183 seconds.
  path: Packages/com.unity.2d.tilemap/Editor/Icons/d_EditorUI.Target@4x.png
  artifactKey: Guid(c7d31ce121f6d6841b01dbcf3d909854) Importer(815301076,1909f56bfc062723c751e8b465ee728b)
Start importing Packages/com.unity.2d.tilemap/Editor/Icons/d_EditorUI.Target@4x.png using Guid(c7d31ce121f6d6841b01dbcf3d909854) Importer(815301076,1909f56bfc062723c751e8b465ee728b) (PreviewImporter) -> (artifact id: '35093d76d8f6e96db408552fa4d36d4d') in 0.006755177 seconds
Number of updated asset objects reloaded before import = 0Number of asset objects unloaded after import = 3

========================================================================
Received Import Request.
  Time since last request: 0.129760 seconds.
  path: Packages/com.unity.2d.tilemap/Editor/Icons/d_EditorUI.TargetHover@2x.png
  artifactKey: Guid(857187d2d610c234587c8a50803e4307) Importer(815301076,1909f56bfc062723c751e8b465ee728b)
Start importing Packages/com.unity.2d.tilemap/Editor/Icons/d_EditorUI.TargetHover@2x.png using Guid(857187d2d610c234587c8a50803e4307) Importer(815301076,1909f56bfc062723c751e8b465ee728b) (PreviewImporter) -> (artifact id: '59c08078c52dd68a91413b371397ecfc') in 0.00706308 seconds
Number of updated asset objects reloaded before import = 0Number of asset objects unloaded after import = 3

========================================================================
Received Import Request.
  Time since last request: 0.238045 seconds.
  path: Packages/com.unity.2d.animation/Editor/Assets/ComponentIcons/d_ErrorIcon_Small.png
  artifactKey: Guid(5cc9ffa0f39d24f5ebb62d36675dd296) Importer(815301076,1909f56bfc062723c751e8b465ee728b)
Start importing Packages/com.unity.2d.animation/Editor/Assets/ComponentIcons/d_ErrorIcon_Small.png using Guid(5cc9ffa0f39d24f5ebb62d36675dd296) Importer(815301076,1909f56bfc062723c751e8b465ee728b) (PreviewImporter) -> (artifact id: '19b1d151805544b55c0feae1e85d8c22') in 0.010936952 seconds
Number of updated asset objects reloaded before import = 0Number of asset objects unloaded after import = 3

========================================================================
Received Import Request.
  Time since last request: 0.019016 seconds.
  path: Packages/com.unity.2d.tilemap.extras/Editor/Brushes/GameObjectBrush/d_GameObjectBrush.png
  artifactKey: Guid(714529104297846e7bb63724eabddbdf) Importer(815301076,1909f56bfc062723c751e8b465ee728b)
Start importing Packages/com.unity.2d.tilemap.extras/Editor/Brushes/GameObjectBrush/d_GameObjectBrush.png using Guid(714529104297846e7bb63724eabddbdf) Importer(815301076,1909f56bfc062723c751e8b465ee728b) (PreviewImporter) -> (artifact id: '500f8ef4593a0428c52b033ed4691eec') in 0.007558453 seconds
Number of updated asset objects reloaded before import = 0Number of asset objects unloaded after import = 3

========================================================================
Received Import Request.
  Time since last request: 0.185941 seconds.
  path: Packages/com.unity.2d.tilemap.extras/Editor/Brushes/GameObjectBrush/d_GameObjectBrush@4x.png
  artifactKey: Guid(8a585d635efb349edbcfc142059feb21) Importer(815301076,1909f56bfc062723c751e8b465ee728b)
Start importing Packages/com.unity.2d.tilemap.extras/Editor/Brushes/GameObjectBrush/d_GameObjectBrush@4x.png using Guid(8a585d635efb349edbcfc142059feb21) Importer(815301076,1909f56bfc062723c751e8b465ee728b) (PreviewImporter) -> (artifact id: 'c646a519dc3d2c9473342228b6fc6538') in 0.00894996 seconds
Number of updated asset objects reloaded before import = 0Number of asset objects unloaded after import = 3

========================================================================
Received Import Request.
  Time since last request: 0.251307 seconds.
  path: Packages/com.unity.2d.animation/Editor/Assets/EditorIcons/Dark/d_Generate_Geometry@4x.png
  artifactKey: Guid(db49e13fa9e16dc44b5ffb6bc43d4235) Importer(815301076,1909f56bfc062723c751e8b465ee728b)
Start importing Packages/com.unity.2d.animation/Editor/Assets/EditorIcons/Dark/d_Generate_Geometry@4x.png using Guid(db49e13fa9e16dc44b5ffb6bc43d4235) Importer(815301076,1909f56bfc062723c751e8b465ee728b) (PreviewImporter) -> (artifact id: '5f22c1ed1390853d3b5c1240838c7ee8') in 0.009636423 seconds
Number of updated asset objects reloaded before import = 0Number of asset objects unloaded after import = 3

========================================================================
Received Import Request.
  Time since last request: 0.411241 seconds.
  path: Packages/com.unity.2d.animation/Editor/Assets/EditorIcons/Dark/d_Generate_Weights@4x.png
  artifactKey: Guid(8e88614a5d2aead4998a8c70955662c6) Importer(815301076,1909f56bfc062723c751e8b465ee728b)
Start importing Packages/com.unity.2d.animation/Editor/Assets/EditorIcons/Dark/d_Generate_Weights@4x.png using Guid(8e88614a5d2aead4998a8c70955662c6) Importer(815301076,1909f56bfc062723c751e8b465ee728b) (PreviewImporter) -> (artifact id: 'ff0fa3c27d90b7f20a0c2788eb126f4d') in 0.010675659 seconds
Number of updated asset objects reloaded before import = 0Number of asset objects unloaded after import = 3

========================================================================
Received Import Request.
  Time since last request: 0.132654 seconds.
  path: Packages/com.unity.2d.tilemap/Editor/Icons/d_Grid.FlipX.png
  artifactKey: Guid(238833eb2176e7d429d5020dc9232155) Importer(815301076,1909f56bfc062723c751e8b465ee728b)
Start importing Packages/com.unity.2d.tilemap/Editor/Icons/d_Grid.FlipX.png using Guid(238833eb2176e7d429d5020dc9232155) Importer(815301076,1909f56bfc062723c751e8b465ee728b) (PreviewImporter) -> (artifact id: '755cef6f5c5a800aedc0b69e6f4dff9f') in 0.009011372 seconds
Number of updated asset objects reloaded before import = 0Number of asset objects unloaded after import = 3

========================================================================
Received Import Request.
  Time since last request: 0.063057 seconds.
  path: Packages/com.unity.2d.tilemap/Editor/Icons/d_Grid.FlipY.png
  artifactKey: Guid(0219184e13f92e94896b4df6846db652) Importer(815301076,1909f56bfc062723c751e8b465ee728b)
Start importing Packages/com.unity.2d.tilemap/Editor/Icons/d_Grid.FlipY.png using Guid(0219184e13f92e94896b4df6846db652) Importer(815301076,1909f56bfc062723c751e8b465ee728b) (PreviewImporter) -> (artifact id: '15eb952f559535284b6160408d431ebe') in 0.007595791 seconds
Number of updated asset objects reloaded before import = 0Number of asset objects unloaded after import = 3

========================================================================
Received Import Request.
  Time since last request: 0.142685 seconds.
  path: Packages/com.unity.2d.tilemap/Editor/Icons/d_Grid.RotateACW.png
  artifactKey: Guid(53da314bfe3845741ad14976e09ee6cf) Importer(815301076,1909f56bfc062723c751e8b465ee728b)
Start importing Packages/com.unity.2d.tilemap/Editor/Icons/d_Grid.RotateACW.png using Guid(53da314bfe3845741ad14976e09ee6cf) Importer(815301076,1909f56bfc062723c751e8b465ee728b) (PreviewImporter) -> (artifact id: 'a985383c9e1b6fac67161fcd0ca30590') in 0.009258972 seconds
Number of updated asset objects reloaded before import = 0Number of asset objects unloaded after import = 3

========================================================================
Received Import Request.
  Time since last request: 0.171451 seconds.
  path: Packages/com.unity.2d.tilemap.extras/Editor/Brushes/GroupBrush/d_GroupBrush.png
  artifactKey: Guid(b5650d2786c7443fe80be179cf75a907) Importer(815301076,1909f56bfc062723c751e8b465ee728b)
Start importing Packages/com.unity.2d.tilemap.extras/Editor/Brushes/GroupBrush/d_GroupBrush.png using Guid(b5650d2786c7443fe80be179cf75a907) Importer(815301076,1909f56bfc062723c751e8b465ee728b) (PreviewImporter) -> (artifact id: '63780ff0e91901ccae1dcce097acd2e6') in 0.00925178 seconds
Number of updated asset objects reloaded before import = 0Number of asset objects unloaded after import = 3

========================================================================
Received Import Request.
  Time since last request: 0.189658 seconds.
  path: Packages/com.unity.collab-proxy/Editor/Assets/Images/d_hideversioncontrol@2x.png
  artifactKey: Guid(5de67bf0a3c601f4bab93b4fd3314ab1) Importer(815301076,1909f56bfc062723c751e8b465ee728b)
Start importing Packages/com.unity.collab-proxy/Editor/Assets/Images/d_hideversioncontrol@2x.png using Guid(5de67bf0a3c601f4bab93b4fd3314ab1) Importer(815301076,1909f56bfc062723c751e8b465ee728b) (PreviewImporter) -> (artifact id: '3e1a543c5629c4308670a622f8ee849b') in 0.009245358 seconds
Number of updated asset objects reloaded before import = 0Number of asset objects unloaded after import = 3

========================================================================
Received Import Request.
  Time since last request: 0.163082 seconds.
  path: Packages/com.unity.collab-proxy/Editor/Assets/Images/d_iconbrex@2x.png
  artifactKey: Guid(9b76c79563c3a274aa48b0dbdf009693) Importer(815301076,1909f56bfc062723c751e8b465ee728b)
Start importing Packages/com.unity.collab-proxy/Editor/Assets/Images/d_iconbrex@2x.png using Guid(9b76c79563c3a274aa48b0dbdf009693) Importer(815301076,1909f56bfc062723c751e8b465ee728b) (PreviewImporter) -> (artifact id: '305848cbb043d5a4de42ee6538a62b1a') in 0.008338023 seconds
Number of updated asset objects reloaded before import = 0Number of asset objects unloaded after import = 3

========================================================================
Received Import Request.
  Time since last request: 0.000023 seconds.
  path: Packages/com.unity.collab-proxy/Editor/Assets/Images/d_iconclipboard.png
  artifactKey: Guid(3f65802f2a170a145bd30ab3801b8d80) Importer(815301076,1909f56bfc062723c751e8b465ee728b)
Start importing Packages/com.unity.collab-proxy/Editor/Assets/Images/d_iconclipboard.png using Guid(3f65802f2a170a145bd30ab3801b8d80) Importer(815301076,1909f56bfc062723c751e8b465ee728b) (PreviewImporter) -> (artifact id: '1017ff214972baba8dc6e40f079660a4') in 0.006109072 seconds
Number of updated asset objects reloaded before import = 0Number of asset objects unloaded after import = 3

========================================================================
Received Import Request.
  Time since last request: 0.127615 seconds.
  path: Packages/com.unity.collab-proxy/Editor/Assets/Images/d_iconclipboard@2x.png
  artifactKey: Guid(c115023c6a2060d4da6a7684bd40c5c0) Importer(815301076,1909f56bfc062723c751e8b465ee728b)
Start importing Packages/com.unity.collab-proxy/Editor/Assets/Images/d_iconclipboard@2x.png using Guid(c115023c6a2060d4da6a7684bd40c5c0) Importer(815301076,1909f56bfc062723c751e8b465ee728b) (PreviewImporter) -> (artifact id: '196115477ec04bc188863444bf0a5756') in 0.009699993 seconds
Number of updated asset objects reloaded before import = 0Number of asset objects unloaded after import = 3

========================================================================
Received Import Request.
  Time since last request: 0.131069 seconds.
  path: Packages/com.unity.collab-proxy/Editor/Assets/Images/d_iconclouddriveview@2x.png
  artifactKey: Guid(59eedc7f076ac5749993ec0e94b87af3) Importer(815301076,1909f56bfc062723c751e8b465ee728b)
Start importing Packages/com.unity.collab-proxy/Editor/Assets/Images/d_iconclouddriveview@2x.png using Guid(59eedc7f076ac5749993ec0e94b87af3) Importer(815301076,1909f56bfc062723c751e8b465ee728b) (PreviewImporter) -> (artifact id: 'a06e16efe5a4c05061fbbee6e4ae1fc5') in 0.008482829 seconds
Number of updated asset objects reloaded before import = 0Number of asset objects unloaded after import = 3

========================================================================
Received Import Request.
  Time since last request: 0.024456 seconds.
  path: Packages/com.unity.collab-proxy/Editor/Assets/Images/d_iconcurrentbranch@2x.png
  artifactKey: Guid(c48b8bcda45b63442a7a7c7244c84635) Importer(815301076,1909f56bfc062723c751e8b465ee728b)
Start importing Packages/com.unity.collab-proxy/Editor/Assets/Images/d_iconcurrentbranch@2x.png using Guid(c48b8bcda45b63442a7a7c7244c84635) Importer(815301076,1909f56bfc062723c751e8b465ee728b) (PreviewImporter) -> (artifact id: '6ba21d99228bd1ae9829addca1654a0f') in 0.007752164 seconds
Number of updated asset objects reloaded before import = 0Number of asset objects unloaded after import = 3

========================================================================
Received Import Request.
  Time since last request: 0.135987 seconds.
  path: Packages/com.unity.collab-proxy/Editor/Assets/Images/d_iconhistory@2x.png
  artifactKey: Guid(50d1ea51731fa43db9ce0ec4fe5f0b07) Importer(815301076,1909f56bfc062723c751e8b465ee728b)
Start importing Packages/com.unity.collab-proxy/Editor/Assets/Images/d_iconhistory@2x.png using Guid(50d1ea51731fa43db9ce0ec4fe5f0b07) Importer(815301076,1909f56bfc062723c751e8b465ee728b) (PreviewImporter) -> (artifact id: 'a0ed72546de069be56d7df7232b8d31b') in 0.007563531 seconds
Number of updated asset objects reloaded before import = 0Number of asset objects unloaded after import = 3

========================================================================
Received Import Request.
  Time since last request: 0.165059 seconds.
  path: Packages/com.unity.collab-proxy/Editor/Assets/Images/d_iconignoredoverlay@2x.png
  artifactKey: Guid(079f562959995344baea4cd40a9ecea6) Importer(815301076,1909f56bfc062723c751e8b465ee728b)
Start importing Packages/com.unity.collab-proxy/Editor/Assets/Images/d_iconignoredoverlay@2x.png using Guid(079f562959995344baea4cd40a9ecea6) Importer(815301076,1909f56bfc062723c751e8b465ee728b) (PreviewImporter) -> (artifact id: '16edb3a422e9ec8f279e10be7e6cda1d') in 0.008814404 seconds
Number of updated asset objects reloaded before import = 0Number of asset objects unloaded after import = 3

========================================================================
Received Import Request.
  Time since last request: 0.000024 seconds.
  path: Packages/com.unity.collab-proxy/Editor/Assets/Images/d_iconinfobellnotification.png
  artifactKey: Guid(f38e832edef3ab648bcc2ab5dfa2906d) Importer(815301076,1909f56bfc062723c751e8b465ee728b)
Start importing Packages/com.unity.collab-proxy/Editor/Assets/Images/d_iconinfobellnotification.png using Guid(f38e832edef3ab648bcc2ab5dfa2906d) Importer(815301076,1909f56bfc062723c751e8b465ee728b) (PreviewImporter) -> (artifact id: '6c40a321e5f1c32d1fb93a2274397308') in 0.006476136 seconds
Number of updated asset objects reloaded before import = 0Number of asset objects unloaded after import = 3

========================================================================
Received Import Request.
  Time since last request: 0.158319 seconds.
  path: Packages/com.unity.collab-proxy/Editor/Assets/Images/d_iconinfobellnotification@2x.png
  artifactKey: Guid(3cf8ae89579fd29479f4269d09600e16) Importer(815301076,1909f56bfc062723c751e8b465ee728b)
Start importing Packages/com.unity.collab-proxy/Editor/Assets/Images/d_iconinfobellnotification@2x.png using Guid(3cf8ae89579fd29479f4269d09600e16) Importer(815301076,1909f56bfc062723c751e8b465ee728b) (PreviewImporter) -> (artifact id: 'eb98668e18e116d1ba93b18bb674da9f') in 0.007719501 seconds
Number of updated asset objects reloaded before import = 0Number of asset objects unloaded after import = 3

========================================================================
Received Import Request.
  Time since last request: 0.153748 seconds.
  path: Packages/com.unity.collab-proxy/Editor/Assets/Images/d_iconinviteusers@2x.png
  artifactKey: Guid(2b9bf8ec5d54fe249ac9e20979ccd42c) Importer(815301076,1909f56bfc062723c751e8b465ee728b)
Start importing Packages/com.unity.collab-proxy/Editor/Assets/Images/d_iconinviteusers@2x.png using Guid(2b9bf8ec5d54fe249ac9e20979ccd42c) Importer(815301076,1909f56bfc062723c751e8b465ee728b) (PreviewImporter) -> (artifact id: '4441dd7696d57ba1aac5659a5fb4070f') in 0.008432172 seconds
Number of updated asset objects reloaded before import = 0Number of asset objects unloaded after import = 3

========================================================================
Received Import Request.
  Time since last request: 0.175758 seconds.
  path: Packages/com.unity.collab-proxy/Editor/Assets/Images/d_iconlock@2x.png
  artifactKey: Guid(55747841a2e3b47dab36dc8d5e0dc4df) Importer(815301076,1909f56bfc062723c751e8b465ee728b)
Start importing Packages/com.unity.collab-proxy/Editor/Assets/Images/d_iconlock@2x.png using Guid(55747841a2e3b47dab36dc8d5e0dc4df) Importer(815301076,1909f56bfc062723c751e8b465ee728b) (PreviewImporter) -> (artifact id: '37a674f2a38308a624f7522762f8f1f5') in 0.008090431 seconds
Number of updated asset objects reloaded before import = 0Number of asset objects unloaded after import = 3

========================================================================
Received Import Request.
  Time since last request: 0.156104 seconds.
  path: Packages/com.unity.collab-proxy/Editor/Assets/Images/d_iconmergeview@2x.png
  artifactKey: Guid(5bc0112babc1a49bdbd1f6e5d9c13c7b) Importer(815301076,1909f56bfc062723c751e8b465ee728b)
Start importing Packages/com.unity.collab-proxy/Editor/Assets/Images/d_iconmergeview@2x.png using Guid(5bc0112babc1a49bdbd1f6e5d9c13c7b) Importer(815301076,1909f56bfc062723c751e8b465ee728b) (PreviewImporter) -> (artifact id: 'c24783983e7c85a84af704295c6679d1') in 0.007458102 seconds
Number of updated asset objects reloaded before import = 0Number of asset objects unloaded after import = 3

========================================================================
Received Import Request.
  Time since last request: 0.000023 seconds.
  path: Packages/com.unity.collab-proxy/Editor/Assets/Images/d_iconmovedoverlay@2x.png
  artifactKey: Guid(e27bb56b83f03421880673ee2b951102) Importer(815301076,1909f56bfc062723c751e8b465ee728b)
Start importing Packages/com.unity.collab-proxy/Editor/Assets/Images/d_iconmovedoverlay@2x.png using Guid(e27bb56b83f03421880673ee2b951102) Importer(815301076,1909f56bfc062723c751e8b465ee728b) (PreviewImporter) -> (artifact id: '72c835a359f7b5f936869b7a47050773') in 0.006757368 seconds
Number of updated asset objects reloaded before import = 0Number of asset objects unloaded after import = 3

========================================================================
Received Import Request.
  Time since last request: 0.000024 seconds.
  path: Packages/com.unity.collab-proxy/Editor/Assets/Images/d_iconpackageupdateavailable@2x.png
  artifactKey: Guid(19b06b801c204604290761788cf6e125) Importer(815301076,1909f56bfc062723c751e8b465ee728b)
Start importing Packages/com.unity.collab-proxy/Editor/Assets/Images/d_iconpackageupdateavailable@2x.png using Guid(19b06b801c204604290761788cf6e125) Importer(815301076,1909f56bfc062723c751e8b465ee728b) (PreviewImporter) -> (artifact id: '567a066d7e686e24d0bfa29d12f89f19') in 0.006373791 seconds
Number of updated asset objects reloaded before import = 0Number of asset objects unloaded after import = 3

========================================================================
Received Import Request.
  Time since last request: 0.142287 seconds.
  path: Packages/com.unity.collab-proxy/Editor/Assets/Images/d_iconpendingchanges@2x.png
  artifactKey: Guid(68302c8c48e3cee4aad72dbbf7894781) Importer(815301076,1909f56bfc062723c751e8b465ee728b)
Start importing Packages/com.unity.collab-proxy/Editor/Assets/Images/d_iconpendingchanges@2x.png using Guid(68302c8c48e3cee4aad72dbbf7894781) Importer(815301076,1909f56bfc062723c751e8b465ee728b) (PreviewImporter) -> (artifact id: '6bda1f344b687dba87bb6db561780404') in 0.008021653 seconds
Number of updated asset objects reloaded before import = 0Number of asset objects unloaded after import = 3

========================================================================
Received Import Request.
  Time since last request: 0.205315 seconds.
  path: Packages/com.unity.collab-proxy/Editor/Assets/Images/d_iconplasticnotifypendingchanges@2x.png
  artifactKey: Guid(f0c047e73e3b41341822a9e31da81877) Importer(815301076,1909f56bfc062723c751e8b465ee728b)
Start importing Packages/com.unity.collab-proxy/Editor/Assets/Images/d_iconplasticnotifypendingchanges@2x.png using Guid(f0c047e73e3b41341822a9e31da81877) Importer(815301076,1909f56bfc062723c751e8b465ee728b) (PreviewImporter) -> (artifact id: 'c6adc23b17214426d944789126eea3f3') in 0.009402234 seconds
Number of updated asset objects reloaded before import = 0Number of asset objects unloaded after import = 3

========================================================================
Received Import Request.
  Time since last request: 0.105111 seconds.
  path: Packages/com.unity.collab-proxy/Editor/Assets/Images/d_iconplasticnotifypendingchangesandincoming@2x.png
  artifactKey: Guid(54024d7bafa404eb39097aa14df8a5cb) Importer(815301076,1909f56bfc062723c751e8b465ee728b)
Start importing Packages/com.unity.collab-proxy/Editor/Assets/Images/d_iconplasticnotifypendingchangesandincoming@2x.png using Guid(54024d7bafa404eb39097aa14df8a5cb) Importer(815301076,1909f56bfc062723c751e8b465ee728b) (PreviewImporter) -> (artifact id: '1e44e3acbcfd86f21a4e8738ec3bf3c1') in 0.008910574 seconds
Number of updated asset objects reloaded before import = 0Number of asset objects unloaded after import = 3

========================================================================
Received Import Request.
  Time since last request: 0.178310 seconds.
  path: Packages/com.unity.collab-proxy/Editor/Assets/Images/d_iconprivateoverlay@2x.png
  artifactKey: Guid(eb56188e070e442c4b93b8856b5c1ab0) Importer(815301076,1909f56bfc062723c751e8b465ee728b)
Start importing Packages/com.unity.collab-proxy/Editor/Assets/Images/d_iconprivateoverlay@2x.png using Guid(eb56188e070e442c4b93b8856b5c1ab0) Importer(815301076,1909f56bfc062723c751e8b465ee728b) (PreviewImporter) -> (artifact id: 'ffb71846baad013b117b47ded730e53b') in 0.010930984 seconds
Number of updated asset objects reloaded before import = 0Number of asset objects unloaded after import = 3

========================================================================
Received Import Request.
  Time since last request: 0.172217 seconds.
  path: Packages/com.unity.collab-proxy/Editor/Assets/Images/d_iconshelve@2x.png
  artifactKey: Guid(9264df9de832d7f4bb90a1d0c31d8343) Importer(815301076,1909f56bfc062723c751e8b465ee728b)
Start importing Packages/com.unity.collab-proxy/Editor/Assets/Images/d_iconshelve@2x.png using Guid(9264df9de832d7f4bb90a1d0c31d8343) Importer(815301076,1909f56bfc062723c751e8b465ee728b) (PreviewImporter) -> (artifact id: '7f4e39f84171251994a9cc76847a5446') in 0.007774605 seconds
Number of updated asset objects reloaded before import = 0Number of asset objects unloaded after import = 3

========================================================================
Received Import Request.
  Time since last request: 0.000024 seconds.
  path: Packages/com.unity.render-pipelines.core/Editor/LookDev/Icons/d_Layout1@2x.png
  artifactKey: Guid(4de5e4f3717b2c548bd8b90b6c628b2f) Importer(815301076,1909f56bfc062723c751e8b465ee728b)
Start importing Packages/com.unity.render-pipelines.core/Editor/LookDev/Icons/d_Layout1@2x.png using Guid(4de5e4f3717b2c548bd8b90b6c628b2f) Importer(815301076,1909f56bfc062723c751e8b465ee728b) (PreviewImporter) -> (artifact id: '21a889ba94ceb93e2e9b3ed09229ff9d') in 0.006308493 seconds
Number of updated asset objects reloaded before import = 0Number of asset objects unloaded after import = 3

========================================================================
Received Import Request.
  Time since last request: 0.401764 seconds.
  path: Packages/com.unity.render-pipelines.core/Editor/LookDev/Icons/d_Layout2@2x.png
  artifactKey: Guid(50f7a3e9878119a4da02f38cf05d75ba) Importer(815301076,1909f56bfc062723c751e8b465ee728b)
Start importing Packages/com.unity.render-pipelines.core/Editor/LookDev/Icons/d_Layout2@2x.png using Guid(50f7a3e9878119a4da02f38cf05d75ba) Importer(815301076,1909f56bfc062723c751e8b465ee728b) (PreviewImporter) -> (artifact id: 'd0dd99feee551b8b6cc7fb32e6da6343') in 0.009866746 seconds
Number of updated asset objects reloaded before import = 0Number of asset objects unloaded after import = 3

========================================================================
Received Import Request.
  Time since last request: 0.203652 seconds.
  path: Packages/com.unity.render-pipelines.core/Editor/LookDev/Icons/d_LayoutCustom@2x.png
  artifactKey: Guid(b753c88a6aeb2674fa1d4f0a4c0a285a) Importer(815301076,1909f56bfc062723c751e8b465ee728b)
Start importing Packages/com.unity.render-pipelines.core/Editor/LookDev/Icons/d_LayoutCustom@2x.png using Guid(b753c88a6aeb2674fa1d4f0a4c0a285a) Importer(815301076,1909f56bfc062723c751e8b465ee728b) (PreviewImporter) -> (artifact id: 'ab99adefa1a0c824e5d802dee4367629') in 0.009742069 seconds
Number of updated asset objects reloaded before import = 0Number of asset objects unloaded after import = 3

========================================================================
Received Import Request.
  Time since last request: 0.165808 seconds.
  path: Packages/com.unity.render-pipelines.core/Editor/LookDev/Icons/d_LayoutHorizontal@2x.png
  artifactKey: Guid(9cad92999ddfa304495b735a55c78329) Importer(815301076,1909f56bfc062723c751e8b465ee728b)
Start importing Packages/com.unity.render-pipelines.core/Editor/LookDev/Icons/d_LayoutHorizontal@2x.png using Guid(9cad92999ddfa304495b735a55c78329) Importer(815301076,1909f56bfc062723c751e8b465ee728b) (PreviewImporter) -> (artifact id: '56c32fc7cabf9171b8cb38a8b25bf12e') in 0.009405755 seconds
Number of updated asset objects reloaded before import = 0Number of asset objects unloaded after import = 3

========================================================================
Received Import Request.
  Time since last request: 0.000019 seconds.
  path: Packages/com.unity.render-pipelines.core/Editor/LookDev/Icons/d_LayoutVertical@2x.png
  artifactKey: Guid(472b4042959bbd844b8fd760bddd7a47) Importer(815301076,1909f56bfc062723c751e8b465ee728b)
Start importing Packages/com.unity.render-pipelines.core/Editor/LookDev/Icons/d_LayoutVertical@2x.png using Guid(472b4042959bbd844b8fd760bddd7a47) Importer(815301076,1909f56bfc062723c751e8b465ee728b) (PreviewImporter) -> (artifact id: '32ab023be3d3afb9e1f9bd865f78995c') in 0.007768832 seconds
Number of updated asset objects reloaded before import = 0Number of asset objects unloaded after import = 3

========================================================================
Received Import Request.
  Time since last request: 0.128970 seconds.
  path: Packages/com.unity.render-pipelines.core/Editor/LookDev/Icons/d_LeftArrow@2x.png
  artifactKey: Guid(90335e5423c010749a50f906b965fa54) Importer(815301076,1909f56bfc062723c751e8b465ee728b)
Start importing Packages/com.unity.render-pipelines.core/Editor/LookDev/Icons/d_LeftArrow@2x.png using Guid(90335e5423c010749a50f906b965fa54) Importer(815301076,1909f56bfc062723c751e8b465ee728b) (PreviewImporter) -> (artifact id: 'b07b747630e4736cef46f91660de00ee') in 0.007369397 seconds
Number of updated asset objects reloaded before import = 0Number of asset objects unloaded after import = 3

========================================================================
Received Import Request.
  Time since last request: 0.037324 seconds.
  path: Packages/com.unity.2d.tilemap.extras/Editor/Brushes/LineBrush/d_LineBrush@2x.png
  artifactKey: Guid(fa52298efb877496ab068b8298f7f6aa) Importer(815301076,1909f56bfc062723c751e8b465ee728b)
Start importing Packages/com.unity.2d.tilemap.extras/Editor/Brushes/LineBrush/d_LineBrush@2x.png using Guid(fa52298efb877496ab068b8298f7f6aa) Importer(815301076,1909f56bfc062723c751e8b465ee728b) (PreviewImporter) -> (artifact id: 'c238b8bac6b1d08cc7a2f8515fda8e83') in 0.007446751 seconds
Number of updated asset objects reloaded before import = 0Number of asset objects unloaded after import = 3

========================================================================
Received Import Request.
  Time since last request: 0.142772 seconds.
  path: Packages/com.unity.render-pipelines.core/Editor/LookDev/Icons/d_Link.png
  artifactKey: Guid(94ec4fdf9502c3747b5c0754ca18919e) Importer(815301076,1909f56bfc062723c751e8b465ee728b)
Start importing Packages/com.unity.render-pipelines.core/Editor/LookDev/Icons/d_Link.png using Guid(94ec4fdf9502c3747b5c0754ca18919e) Importer(815301076,1909f56bfc062723c751e8b465ee728b) (PreviewImporter) -> (artifact id: '2ec607b631143accae3e207440229a00') in 0.008123079 seconds
Number of updated asset objects reloaded before import = 0Number of asset objects unloaded after import = 3

========================================================================
Received Import Request.
  Time since last request: 0.028338 seconds.
  path: Packages/com.unity.2d.animation/Editor/Assets/EditorIcons/Dark/d_Locked.png
  artifactKey: Guid(54a610f7c311dfd44ab29f9eaec16137) Importer(815301076,1909f56bfc062723c751e8b465ee728b)
Start importing Packages/com.unity.2d.animation/Editor/Assets/EditorIcons/Dark/d_Locked.png using Guid(54a610f7c311dfd44ab29f9eaec16137) Importer(815301076,1909f56bfc062723c751e8b465ee728b) (PreviewImporter) -> (artifact id: '62a1de3bcacf37a48a9bb702af445109') in 0.007395058 seconds
Number of updated asset objects reloaded before import = 0Number of asset objects unloaded after import = 3

========================================================================
Received Import Request.
  Time since last request: 0.128758 seconds.
  path: Packages/com.unity.render-pipelines.core/Editor/LookDev/Icons/d_LookDev.png
  artifactKey: Guid(0615fe8910911be4299d5604a54db99a) Importer(815301076,1909f56bfc062723c751e8b465ee728b)
Start importing Packages/com.unity.render-pipelines.core/Editor/LookDev/Icons/d_LookDev.png using Guid(0615fe8910911be4299d5604a54db99a) Importer(815301076,1909f56bfc062723c751e8b465ee728b) (PreviewImporter) -> (artifact id: '85d75243ee1eeda16077e66c7dfc47f7') in 0.008053642 seconds
Number of updated asset objects reloaded before import = 0Number of asset objects unloaded after import = 3

========================================================================
Received Import Request.
  Time since last request: 0.000017 seconds.
  path: Packages/com.unity.2d.animation/Editor/Assets/EditorIcons/Dark/d_Mesh.png
  artifactKey: Guid(f4e90b0a1e5a5bc46897cdcf5a142111) Importer(815301076,1909f56bfc062723c751e8b465ee728b)
Start importing Packages/com.unity.2d.animation/Editor/Assets/EditorIcons/Dark/d_Mesh.png using Guid(f4e90b0a1e5a5bc46897cdcf5a142111) Importer(815301076,1909f56bfc062723c751e8b465ee728b) (PreviewImporter) -> (artifact id: '20db6dc5044dab8ab3f878c86d4fa387') in 0.006399579 seconds
Number of updated asset objects reloaded before import = 0Number of asset objects unloaded after import = 3

========================================================================
Received Import Request.
  Time since last request: 0.160650 seconds.
  path: Packages/com.unity.2d.animation/Editor/Assets/EditorIcons/Dark/d_Mesh@2x.png
  artifactKey: Guid(fc8dcc4a15d828e4686470389805489c) Importer(815301076,1909f56bfc062723c751e8b465ee728b)
Start importing Packages/com.unity.2d.animation/Editor/Assets/EditorIcons/Dark/d_Mesh@2x.png using Guid(fc8dcc4a15d828e4686470389805489c) Importer(815301076,1909f56bfc062723c751e8b465ee728b) (PreviewImporter) -> (artifact id: '9654218ba75c194ed18c4ae0e58c56ba') in 0.007742189 seconds
Number of updated asset objects reloaded before import = 0Number of asset objects unloaded after import = 3

========================================================================
Received Import Request.
  Time since last request: 0.000022 seconds.
  path: Packages/com.unity.2d.animation/Editor/Assets/EditorIcons/Selected/d_Mesh@3x.png
  artifactKey: Guid(e79a9e9d6396eba438900afb0357e808) Importer(815301076,1909f56bfc062723c751e8b465ee728b)
Start importing Packages/com.unity.2d.animation/Editor/Assets/EditorIcons/Selected/d_Mesh@3x.png using Guid(e79a9e9d6396eba438900afb0357e808) Importer(815301076,1909f56bfc062723c751e8b465ee728b) (PreviewImporter) -> (artifact id: 'df758adce7a6ee279bb773c6ea99ed95') in 0.006898169 seconds
Number of updated asset objects reloaded before import = 0Number of asset objects unloaded after import = 3

========================================================================
Received Import Request.
  Time since last request: 0.123399 seconds.
  path: Packages/com.unity.2d.animation/Editor/Assets/EditorIcons/Selected/d_Mesh@4x.png
  artifactKey: Guid(2b4752bce841cc74bb73820ce5212d34) Importer(815301076,1909f56bfc062723c751e8b465ee728b)
Start importing Packages/com.unity.2d.animation/Editor/Assets/EditorIcons/Selected/d_Mesh@4x.png using Guid(2b4752bce841cc74bb73820ce5212d34) Importer(815301076,1909f56bfc062723c751e8b465ee728b) (PreviewImporter) -> (artifact id: '6a7558bd93ca6865f3114c43f726812b') in 0.010454668 seconds
Number of updated asset objects reloaded before import = 0Number of asset objects unloaded after import = 3

========================================================================
Received Import Request.
  Time since last request: 0.000015 seconds.
  path: Packages/com.unity.2d.animation/Editor/Assets/EditorIcons/Dark/d_Parent_Bone.png
  artifactKey: Guid(8b8fa969cc0cac04b97330905b3dd95b) Importer(815301076,1909f56bfc062723c751e8b465ee728b)
Start importing Packages/com.unity.2d.animation/Editor/Assets/EditorIcons/Dark/d_Parent_Bone.png using Guid(8b8fa969cc0cac04b97330905b3dd95b) Importer(815301076,1909f56bfc062723c751e8b465ee728b) (PreviewImporter) -> (artifact id: 'b827504596ca13d65a42e6d734da192e') in 0.006460118 seconds
Number of updated asset objects reloaded before import = 0Number of asset objects unloaded after import = 3

========================================================================
Received Import Request.
  Time since last request: 0.162346 seconds.
  path: Packages/com.unity.2d.animation/Editor/Assets/EditorIcons/Dark/d_Parent_Bone@2x.png
  artifactKey: Guid(1038032ed9d668e438d3f97dd8014cbb) Importer(815301076,1909f56bfc062723c751e8b465ee728b)
Start importing Packages/com.unity.2d.animation/Editor/Assets/EditorIcons/Dark/d_Parent_Bone@2x.png using Guid(1038032ed9d668e438d3f97dd8014cbb) Importer(815301076,1909f56bfc062723c751e8b465ee728b) (PreviewImporter) -> (artifact id: '6af9f9966be1a428293a3fc5634c9654') in 0.006822487 seconds
Number of updated asset objects reloaded before import = 0Number of asset objects unloaded after import = 3

========================================================================
Received Import Request.
  Time since last request: 0.143137 seconds.
  path: Packages/com.unity.2d.animation/Editor/Assets/EditorIcons/Dark/d_Parent_Bone@4x.png
  artifactKey: Guid(c6601234a3b63ef4a9386f8182db5849) Importer(815301076,1909f56bfc062723c751e8b465ee728b)
Start importing Packages/com.unity.2d.animation/Editor/Assets/EditorIcons/Dark/d_Parent_Bone@4x.png using Guid(c6601234a3b63ef4a9386f8182db5849) Importer(815301076,1909f56bfc062723c751e8b465ee728b) (PreviewImporter) -> (artifact id: 'e3f86eec137dd3afd303ad7b55bacb97') in 0.0081198 seconds
Number of updated asset objects reloaded before import = 0Number of asset objects unloaded after import = 3

========================================================================
Received Import Request.
  Time since last request: 0.155589 seconds.
  path: Packages/com.unity.2d.animation/Editor/Assets/EditorIcons/Dark/d_Paste@2x.png
  artifactKey: Guid(6de1e8bb25ebf5c44b02b794de99154c) Importer(815301076,1909f56bfc062723c751e8b465ee728b)
Start importing Packages/com.unity.2d.animation/Editor/Assets/EditorIcons/Dark/d_Paste@2x.png using Guid(6de1e8bb25ebf5c44b02b794de99154c) Importer(815301076,1909f56bfc062723c751e8b465ee728b) (PreviewImporter) -> (artifact id: '47aa2df6fae3ba032395f54ebc5af1ea') in 0.008313101 seconds
Number of updated asset objects reloaded before import = 0Number of asset objects unloaded after import = 3

========================================================================
Received Import Request.
  Time since last request: 0.000024 seconds.
  path: Packages/com.unity.2d.tilemap.extras/Editor/Brushes/RandomBrush/d_RandomBrush.png
  artifactKey: Guid(441bdab385c714051a00808c9bfc1766) Importer(815301076,1909f56bfc062723c751e8b465ee728b)
Start importing Packages/com.unity.2d.tilemap.extras/Editor/Brushes/RandomBrush/d_RandomBrush.png using Guid(441bdab385c714051a00808c9bfc1766) Importer(815301076,1909f56bfc062723c751e8b465ee728b) (PreviewImporter) -> (artifact id: '0d8b202a18caf366d6127a4496dd5015') in 0.006785954 seconds
Number of updated asset objects reloaded before import = 0Number of asset objects unloaded after import = 3

========================================================================
Received Import Request.
  Time since last request: 0.125573 seconds.
  path: Packages/com.unity.2d.tilemap.extras/Editor/Brushes/RandomBrush/d_RandomBrush@2x.png
  artifactKey: Guid(6b3bffe22de404f319ed8587790d10ed) Importer(815301076,1909f56bfc062723c751e8b465ee728b)
Start importing Packages/com.unity.2d.tilemap.extras/Editor/Brushes/RandomBrush/d_RandomBrush@2x.png using Guid(6b3bffe22de404f319ed8587790d10ed) Importer(815301076,1909f56bfc062723c751e8b465ee728b) (PreviewImporter) -> (artifact id: '18db9d07b15a5330b14f8e7b892bd5db') in 0.00778133 seconds
Number of updated asset objects reloaded before import = 0Number of asset objects unloaded after import = 3

========================================================================
Received Import Request.
  Time since last request: 0.000017 seconds.
  path: Packages/com.unity.render-pipelines.core/Editor/LookDev/Icons/d_Remove.png
  artifactKey: Guid(4ff71d806d58fd041be6e55d1d1ca70e) Importer(815301076,1909f56bfc062723c751e8b465ee728b)
Start importing Packages/com.unity.render-pipelines.core/Editor/LookDev/Icons/d_Remove.png using Guid(4ff71d806d58fd041be6e55d1d1ca70e) Importer(815301076,1909f56bfc062723c751e8b465ee728b) (PreviewImporter) -> (artifact id: '824e8fec93707646b7de7d2552d7966b') in 0.007024401 seconds
Number of updated asset objects reloaded before import = 0Number of asset objects unloaded after import = 3

========================================================================
Received Import Request.
  Time since last request: 0.149512 seconds.
  path: Packages/com.unity.render-pipelines.core/Editor/LookDev/Icons/d_renderdoc.png
  artifactKey: Guid(cbe929948d88af7409a05054bc8187c7) Importer(815301076,1909f56bfc062723c751e8b465ee728b)
Start importing Packages/com.unity.render-pipelines.core/Editor/LookDev/Icons/d_renderdoc.png using Guid(cbe929948d88af7409a05054bc8187c7) Importer(815301076,1909f56bfc062723c751e8b465ee728b) (PreviewImporter) -> (artifact id: '347f3365eb698476fcbf0c78996ff45e') in 0.006840087 seconds
Number of updated asset objects reloaded before import = 0Number of asset objects unloaded after import = 3

========================================================================
Received Import Request.
  Time since last request: 0.000022 seconds.
  path: Packages/com.unity.render-pipelines.core/Editor/LookDev/Icons/d_RightArrow.png
  artifactKey: Guid(99e5d180080c96940a65c6d906ff9131) Importer(815301076,1909f56bfc062723c751e8b465ee728b)
Start importing Packages/com.unity.render-pipelines.core/Editor/LookDev/Icons/d_RightArrow.png using Guid(99e5d180080c96940a65c6d906ff9131) Importer(815301076,1909f56bfc062723c751e8b465ee728b) (PreviewImporter) -> (artifact id: 'aede27b79b3b2603485194373021439c') in 0.006284429 seconds
Number of updated asset objects reloaded before import = 0Number of asset objects unloaded after import = 3

========================================================================
Received Import Request.
  Time since last request: 0.148594 seconds.
  path: Packages/com.unity.render-pipelines.core/Editor/LookDev/Icons/d_Rotation.png
  artifactKey: Guid(abc6ce87642c5c1478a4b107d1c5688a) Importer(815301076,1909f56bfc062723c751e8b465ee728b)
Start importing Packages/com.unity.render-pipelines.core/Editor/LookDev/Icons/d_Rotation.png using Guid(abc6ce87642c5c1478a4b107d1c5688a) Importer(815301076,1909f56bfc062723c751e8b465ee728b) (PreviewImporter) -> (artifact id: '5e50c6b66aa3746d5ec73f926d9ab158') in 0.006863422 seconds
Number of updated asset objects reloaded before import = 0Number of asset objects unloaded after import = 3

========================================================================
Received Import Request.
  Time since last request: 0.035866 seconds.
  path: Packages/com.unity.2d.animation/Editor/Assets/EditorIcons/Dark/d_SetPivot16.png
  artifactKey: Guid(30fd2fefe692f4f9db682596d88c3039) Importer(815301076,1909f56bfc062723c751e8b465ee728b)
Start importing Packages/com.unity.2d.animation/Editor/Assets/EditorIcons/Dark/d_SetPivot16.png using Guid(30fd2fefe692f4f9db682596d88c3039) Importer(815301076,1909f56bfc062723c751e8b465ee728b) (PreviewImporter) -> (artifact id: '2c4e3254b9ac130b5a72505a7132fd15') in 0.006894493 seconds
Number of updated asset objects reloaded before import = 0Number of asset objects unloaded after import = 3

========================================================================
Received Import Request.
  Time since last request: 0.170985 seconds.
  path: Packages/com.unity.2d.animation/Editor/Assets/EditorIcons/Dark/d_SetPivot256.png
  artifactKey: Guid(a3de9d1408f25449bb288eebcebfb832) Importer(815301076,1909f56bfc062723c751e8b465ee728b)
Start importing Packages/com.unity.2d.animation/Editor/Assets/EditorIcons/Dark/d_SetPivot256.png using Guid(a3de9d1408f25449bb288eebcebfb832) Importer(815301076,1909f56bfc062723c751e8b465ee728b) (PreviewImporter) -> (artifact id: '78e1008eab5422a741fab8185657e8d5') in 0.013256669 seconds
Number of updated asset objects reloaded before import = 0Number of asset objects unloaded after import = 3

========================================================================
Received Import Request.
  Time since last request: 0.207005 seconds.
  path: Packages/com.unity.2d.animation/Editor/Assets/EditorIcons/Dark/d_Split Bones@4x.png
  artifactKey: Guid(0bf67b4360dc1cd4caa0338c55219e9e) Importer(815301076,1909f56bfc062723c751e8b465ee728b)
Start importing Packages/com.unity.2d.animation/Editor/Assets/EditorIcons/Dark/d_Split Bones@4x.png using Guid(0bf67b4360dc1cd4caa0338c55219e9e) Importer(815301076,1909f56bfc062723c751e8b465ee728b) (PreviewImporter) -> (artifact id: '5e01383d0a7544c8909c63caca93e68b') in 0.010004318 seconds
Number of updated asset objects reloaded before import = 0Number of asset objects unloaded after import = 3

========================================================================
Received Import Request.
  Time since last request: 0.394464 seconds.
  path: Packages/com.unity.2d.animation/Editor/Assets/EditorIcons/Dark/d_Split_Edge@4x.png
  artifactKey: Guid(ed130aac49764ad4f9d35454c297b75a) Importer(815301076,1909f56bfc062723c751e8b465ee728b)
Start importing Packages/com.unity.2d.animation/Editor/Assets/EditorIcons/Dark/d_Split_Edge@4x.png using Guid(ed130aac49764ad4f9d35454c297b75a) Importer(815301076,1909f56bfc062723c751e8b465ee728b) (PreviewImporter) -> (artifact id: '058bd601158fb34089b58fd026b99110') in 0.010937638 seconds
Number of updated asset objects reloaded before import = 0Number of asset objects unloaded after import = 3

========================================================================
Received Import Request.
  Time since last request: 0.180212 seconds.
  path: Packages/com.unity.2d.animation/Editor/Assets/EditorIcons/Dark/d_Sprite_Influence@2x.png
  artifactKey: Guid(0f26b0f71c3344e8b8838eb64eb7d9e9) Importer(815301076,1909f56bfc062723c751e8b465ee728b)
Start importing Packages/com.unity.2d.animation/Editor/Assets/EditorIcons/Dark/d_Sprite_Influence@2x.png using Guid(0f26b0f71c3344e8b8838eb64eb7d9e9) Importer(815301076,1909f56bfc062723c751e8b465ee728b) (PreviewImporter) -> (artifact id: 'b91355b4b43394430d6b04e433d1cd94') in 0.012640632 seconds
Number of updated asset objects reloaded before import = 0Number of asset objects unloaded after import = 3

========================================================================
Received Import Request.
  Time since last request: 0.182375 seconds.
  path: Packages/com.unity.2d.animation/Editor/Assets/EditorIcons/Dark/d_Sprite_Mode@2x.png
  artifactKey: Guid(269eee5bd0392044cb38fd13171b84f6) Importer(815301076,1909f56bfc062723c751e8b465ee728b)
Start importing Packages/com.unity.2d.animation/Editor/Assets/EditorIcons/Dark/d_Sprite_Mode@2x.png using Guid(269eee5bd0392044cb38fd13171b84f6) Importer(815301076,1909f56bfc062723c751e8b465ee728b) (PreviewImporter) -> (artifact id: '26af39a5ca0fbcd8132cbbffa355f58a') in 0.008244649 seconds
Number of updated asset objects reloaded before import = 0Number of asset objects unloaded after import = 3

========================================================================
Received Import Request.
  Time since last request: 0.168710 seconds.
  path: Packages/com.unity.render-pipelines.core/Editor/LookDev/Icons/d_SunPosition@2x.png
  artifactKey: Guid(ba2d3d7d05fd3e046b6d413365e9b11e) Importer(815301076,1909f56bfc062723c751e8b465ee728b)
Start importing Packages/com.unity.render-pipelines.core/Editor/LookDev/Icons/d_SunPosition@2x.png using Guid(ba2d3d7d05fd3e046b6d413365e9b11e) Importer(815301076,1909f56bfc062723c751e8b465ee728b) (PreviewImporter) -> (artifact id: 'bfb73bf9f7116832beb6e93292a85aa0') in 0.007864392 seconds
Number of updated asset objects reloaded before import = 0Number of asset objects unloaded after import = 3

========================================================================
Received Import Request.
  Time since last request: 0.000023 seconds.
  path: Packages/com.unity.2d.tilemap/Editor/Icons/d_Tilemap.ActiveTargetLayers.png
  artifactKey: Guid(99c3717808acc0f43b394ab3e10da8bb) Importer(815301076,1909f56bfc062723c751e8b465ee728b)
Start importing Packages/com.unity.2d.tilemap/Editor/Icons/d_Tilemap.ActiveTargetLayers.png using Guid(99c3717808acc0f43b394ab3e10da8bb) Importer(815301076,1909f56bfc062723c751e8b465ee728b) (PreviewImporter) -> (artifact id: '571a335ee3dae8656953a7d5eb198394') in 0.006952408 seconds
Number of updated asset objects reloaded before import = 0Number of asset objects unloaded after import = 3

========================================================================
Received Import Request.
  Time since last request: 0.105124 seconds.
  path: Packages/com.unity.2d.tilemap/Editor/Icons/d_Tilemap.ActiveTargetLayers@4x.png
  artifactKey: Guid(82f78c36add1c2c4795c911a7abfb93e) Importer(815301076,1909f56bfc062723c751e8b465ee728b)
Start importing Packages/com.unity.2d.tilemap/Editor/Icons/d_Tilemap.ActiveTargetLayers@4x.png using Guid(82f78c36add1c2c4795c911a7abfb93e) Importer(815301076,1909f56bfc062723c751e8b465ee728b) (PreviewImporter) -> (artifact id: 'ba8c06dac6bfc7dd18c89495a97aaab9') in 0.007583995 seconds
Number of updated asset objects reloaded before import = 0Number of asset objects unloaded after import = 3

========================================================================
Received Import Request.
  Time since last request: 0.000015 seconds.
  path: Packages/com.unity.2d.tilemap/Editor/Icons/d_Tilemap.BrushPicks@2x.png
  artifactKey: Guid(4e2a3d7e5b5b01843a978d90f553b672) Importer(815301076,1909f56bfc062723c751e8b465ee728b)
Start importing Packages/com.unity.2d.tilemap/Editor/Icons/d_Tilemap.BrushPicks@2x.png using Guid(4e2a3d7e5b5b01843a978d90f553b672) Importer(815301076,1909f56bfc062723c751e8b465ee728b) (PreviewImporter) -> (artifact id: 'ba065291f2ccc1dcad94a20f7d4b236e') in 0.006979488 seconds
Number of updated asset objects reloaded before import = 0Number of asset objects unloaded after import = 3

========================================================================
Received Import Request.
  Time since last request: 0.133683 seconds.
  path: Packages/com.unity.2d.tilemap/Editor/Icons/d_Tilemap.BrushSettings@2x.png
  artifactKey: Guid(03d93c388f90a6248983677a29c72b38) Importer(815301076,1909f56bfc062723c751e8b465ee728b)
Start importing Packages/com.unity.2d.tilemap/Editor/Icons/d_Tilemap.BrushSettings@2x.png using Guid(03d93c388f90a6248983677a29c72b38) Importer(815301076,1909f56bfc062723c751e8b465ee728b) (PreviewImporter) -> (artifact id: '4c42b1ead52e25b021ce1acf40a6782b') in 0.006924602 seconds
Number of updated asset objects reloaded before import = 0Number of asset objects unloaded after import = 3

========================================================================
Received Import Request.
  Time since last request: 0.000016 seconds.
  path: Packages/com.unity.2d.tilemap/Editor/Icons/d_Tilemap.DefaultBrush.png
  artifactKey: Guid(12e04f72413abf04fb4a5f79e70822ff) Importer(815301076,1909f56bfc062723c751e8b465ee728b)
Start importing Packages/com.unity.2d.tilemap/Editor/Icons/d_Tilemap.DefaultBrush.png using Guid(12e04f72413abf04fb4a5f79e70822ff) Importer(815301076,1909f56bfc062723c751e8b465ee728b) (PreviewImporter) -> (artifact id: '696977189511579d46da85b6ac7668d4') in 0.006205746 seconds
Number of updated asset objects reloaded before import = 0Number of asset objects unloaded after import = 3

========================================================================
Received Import Request.
  Time since last request: 0.148765 seconds.
  path: Packages/com.unity.2d.tilemap/Editor/Icons/d_Tilemap.DefaultBrush@4x.png
  artifactKey: Guid(77be2b195bdd3a849b554d6dd09badb0) Importer(815301076,1909f56bfc062723c751e8b465ee728b)
Start importing Packages/com.unity.2d.tilemap/Editor/Icons/d_Tilemap.DefaultBrush@4x.png using Guid(77be2b195bdd3a849b554d6dd09badb0) Importer(815301076,1909f56bfc062723c751e8b465ee728b) (PreviewImporter) -> (artifact id: '30419ade0e12a88347ece90db900667e') in 0.007250487 seconds
Number of updated asset objects reloaded before import = 0Number of asset objects unloaded after import = 3

========================================================================
Received Import Request.
  Time since last request: 0.000016 seconds.
  path: Packages/com.unity.2d.tilemap/Editor/Icons/d_Tilemap.EditPalette@2x.png
  artifactKey: Guid(8cbab190b527bd44e8bf5afbc79095e8) Importer(815301076,1909f56bfc062723c751e8b465ee728b)
Start importing Packages/com.unity.2d.tilemap/Editor/Icons/d_Tilemap.EditPalette@2x.png using Guid(8cbab190b527bd44e8bf5afbc79095e8) Importer(815301076,1909f56bfc062723c751e8b465ee728b) (PreviewImporter) -> (artifact id: 'edd311d3bb79a630899948dcfc6f1289') in 0.006227205 seconds
Number of updated asset objects reloaded before import = 0Number of asset objects unloaded after import = 3

========================================================================
Received Import Request.
  Time since last request: 0.000020 seconds.
  path: Packages/com.unity.2d.tilemap/Editor/Icons/d_Tilemap.FocusGrid.png
  artifactKey: Guid(b46d3a07716bc8b4296166d5ac10e492) Importer(815301076,1909f56bfc062723c751e8b465ee728b)
Start importing Packages/com.unity.2d.tilemap/Editor/Icons/d_Tilemap.FocusGrid.png using Guid(b46d3a07716bc8b4296166d5ac10e492) Importer(815301076,1909f56bfc062723c751e8b465ee728b) (PreviewImporter) -> (artifact id: 'c60c17eaa694809dad69a650764d2b44') in 0.00754648 seconds
Number of updated asset objects reloaded before import = 0Number of asset objects unloaded after import = 3

========================================================================
Received Import Request.
  Time since last request: 0.118304 seconds.
  path: Packages/com.unity.2d.tilemap/Editor/Icons/d_Tilemap.FocusGrid@4x.png
  artifactKey: Guid(ffc58b5d1d8a6ed489be30f7a1291b1e) Importer(815301076,1909f56bfc062723c751e8b465ee728b)
Start importing Packages/com.unity.2d.tilemap/Editor/Icons/d_Tilemap.FocusGrid@4x.png using Guid(ffc58b5d1d8a6ed489be30f7a1291b1e) Importer(815301076,1909f56bfc062723c751e8b465ee728b) (PreviewImporter) -> (artifact id: '9d33915ce319851feec94f6014861919') in 0.00677168 seconds
Number of updated asset objects reloaded before import = 0Number of asset objects unloaded after import = 3

========================================================================
Received Import Request.
  Time since last request: 0.000016 seconds.
  path: Packages/com.unity.2d.tilemap/Editor/Icons/d_Tilemap.FocusTilemap.png
  artifactKey: Guid(a9a5b304877d58a47859e53d2b2d9fe3) Importer(815301076,1909f56bfc062723c751e8b465ee728b)
Start importing Packages/com.unity.2d.tilemap/Editor/Icons/d_Tilemap.FocusTilemap.png using Guid(a9a5b304877d58a47859e53d2b2d9fe3) Importer(815301076,1909f56bfc062723c751e8b465ee728b) (PreviewImporter) -> (artifact id: '9635b47cba2eb74589d1dba08c1b9950') in 0.006295047 seconds
Number of updated asset objects reloaded before import = 0Number of asset objects unloaded after import = 3

========================================================================
Received Import Request.
  Time since last request: 0.124202 seconds.
  path: Packages/com.unity.2d.tilemap/Editor/Icons/d_Tilemap.FocusTilemap@4x.png
  artifactKey: Guid(dd62c99bd1ab0984da092d3ea327b733) Importer(815301076,1909f56bfc062723c751e8b465ee728b)
Start importing Packages/com.unity.2d.tilemap/Editor/Icons/d_Tilemap.FocusTilemap@4x.png using Guid(dd62c99bd1ab0984da092d3ea327b733) Importer(815301076,1909f56bfc062723c751e8b465ee728b) (PreviewImporter) -> (artifact id: 'f079f1d9820e95dde85fe37cfb03e185') in 0.007177885 seconds
Number of updated asset objects reloaded before import = 0Number of asset objects unloaded after import = 3

========================================================================
Received Import Request.
  Time since last request: 0.000016 seconds.
  path: Packages/com.unity.2d.tilemap/Editor/Icons/d_Tilemap.GridPaint@2x.png
  artifactKey: Guid(3451731abc835d44993075b3bc0935bd) Importer(815301076,1909f56bfc062723c751e8b465ee728b)
Start importing Packages/com.unity.2d.tilemap/Editor/Icons/d_Tilemap.GridPaint@2x.png using Guid(3451731abc835d44993075b3bc0935bd) Importer(815301076,1909f56bfc062723c751e8b465ee728b) (PreviewImporter) -> (artifact id: '34e5b069ca811cec26c8307ee11bf90f') in 0.009604162 seconds
Number of updated asset objects reloaded before import = 0Number of asset objects unloaded after import = 3

========================================================================
Received Import Request.
  Time since last request: 0.000020 seconds.
  path: Packages/com.unity.2d.tilemap/Editor/Icons/d_Tilemap.ShowGrid.png
  artifactKey: Guid(ad72aefbbd03ec744b3cf61cf766d320) Importer(815301076,1909f56bfc062723c751e8b465ee728b)
Start importing Packages/com.unity.2d.tilemap/Editor/Icons/d_Tilemap.ShowGrid.png using Guid(ad72aefbbd03ec744b3cf61cf766d320) Importer(815301076,1909f56bfc062723c751e8b465ee728b) (PreviewImporter) -> (artifact id: '39fd32aabf3bca669abf09827110ea0a') in 0.008523966 seconds
Number of updated asset objects reloaded before import = 0Number of asset objects unloaded after import = 3

========================================================================
Received Import Request.
  Time since last request: 0.136218 seconds.
  path: Packages/com.unity.2d.tilemap/Editor/Icons/d_Tilemap.ShowGrid@4x.png
  artifactKey: Guid(2d35623559ffd044682af7e09affdcc8) Importer(815301076,1909f56bfc062723c751e8b465ee728b)
Start importing Packages/com.unity.2d.tilemap/Editor/Icons/d_Tilemap.ShowGrid@4x.png using Guid(2d35623559ffd044682af7e09affdcc8) Importer(815301076,1909f56bfc062723c751e8b465ee728b) (PreviewImporter) -> (artifact id: 'b8e54c35f27356ab4b9c3a18cd48affa') in 0.007614869 seconds
Number of updated asset objects reloaded before import = 0Number of asset objects unloaded after import = 3

========================================================================
Received Import Request.
  Time since last request: 0.000015 seconds.
  path: Packages/com.unity.2d.tilemap/Editor/Icons/d_Tilemap.TilePalette.png
  artifactKey: Guid(a16432554ffe69042985d012d1df2637) Importer(815301076,1909f56bfc062723c751e8b465ee728b)
Start importing Packages/com.unity.2d.tilemap/Editor/Icons/d_Tilemap.TilePalette.png using Guid(a16432554ffe69042985d012d1df2637) Importer(815301076,1909f56bfc062723c751e8b465ee728b) (PreviewImporter) -> (artifact id: '1bc139da841a323df74799fd3d610d78') in 0.006577032 seconds
Number of updated asset objects reloaded before import = 0Number of asset objects unloaded after import = 3

========================================================================
Received Import Request.
  Time since last request: 0.184858 seconds.
  path: Packages/com.unity.2d.tilemap/Editor/Icons/d_Tilemap.TilePalette@4x.png
  artifactKey: Guid(86408806ba4819c4494d51cb88d34da4) Importer(815301076,1909f56bfc062723c751e8b465ee728b)
Start importing Packages/com.unity.2d.tilemap/Editor/Icons/d_Tilemap.TilePalette@4x.png using Guid(86408806ba4819c4494d51cb88d34da4) Importer(815301076,1909f56bfc062723c751e8b465ee728b) (PreviewImporter) -> (artifact id: 'a20a7995b588865cda1be9abe9eef066') in 0.008042334 seconds
Number of updated asset objects reloaded before import = 0Number of asset objects unloaded after import = 3

========================================================================
Received Import Request.
  Time since last request: 0.197288 seconds.
  path: Packages/com.unity.2d.animation/Editor/Assets/EditorIcons/Dark/d_ViewToolZoom@2x.png
  artifactKey: Guid(c3672d163ecce403e98f81d012f95e33) Importer(815301076,1909f56bfc062723c751e8b465ee728b)
Start importing Packages/com.unity.2d.animation/Editor/Assets/EditorIcons/Dark/d_ViewToolZoom@2x.png using Guid(c3672d163ecce403e98f81d012f95e33) Importer(815301076,1909f56bfc062723c751e8b465ee728b) (PreviewImporter) -> (artifact id: 'ab37ca2b2dc853ab666110d36d894b2d') in 0.007981152 seconds
Number of updated asset objects reloaded before import = 0Number of asset objects unloaded after import = 3

========================================================================
Received Import Request.
  Time since last request: 0.164555 seconds.
  path: Packages/com.unity.2d.animation/Editor/Assets/EditorIcons/Dark/d_Visibility_Hidded@2x.png
  artifactKey: Guid(03d0123afb5451345b88c605c86db28b) Importer(815301076,1909f56bfc062723c751e8b465ee728b)
Start importing Packages/com.unity.2d.animation/Editor/Assets/EditorIcons/Dark/d_Visibility_Hidded@2x.png using Guid(03d0123afb5451345b88c605c86db28b) Importer(815301076,1909f56bfc062723c751e8b465ee728b) (PreviewImporter) -> (artifact id: '941ee69a84f916045a632eff3b9c1804') in 0.008225524 seconds
Number of updated asset objects reloaded before import = 0Number of asset objects unloaded after import = 3

========================================================================
Received Import Request.
  Time since last request: 0.177662 seconds.
  path: Packages/com.unity.2d.animation/Editor/Assets/EditorIcons/Dark/d_Visibility_Hidded@4x.png
  artifactKey: Guid(36502ae6ddbac9e4dbf8fcd5889d661d) Importer(815301076,1909f56bfc062723c751e8b465ee728b)
Start importing Packages/com.unity.2d.animation/Editor/Assets/EditorIcons/Dark/d_Visibility_Hidded@4x.png using Guid(36502ae6ddbac9e4dbf8fcd5889d661d) Importer(815301076,1909f56bfc062723c751e8b465ee728b) (PreviewImporter) -> (artifact id: 'cb1e6462d2ec50dafa1b83aa5d8ca675') in 0.008417074 seconds
Number of updated asset objects reloaded before import = 0Number of asset objects unloaded after import = 3

========================================================================
Received Import Request.
  Time since last request: 0.000023 seconds.
  path: Packages/com.unity.2d.animation/Editor/Assets/EditorIcons/Dark/d_Visibility_Tool 1.png
  artifactKey: Guid(8ce57331a725cc74d84af900f8f3c641) Importer(815301076,1909f56bfc062723c751e8b465ee728b)
Start importing Packages/com.unity.2d.animation/Editor/Assets/EditorIcons/Dark/d_Visibility_Tool 1.png using Guid(8ce57331a725cc74d84af900f8f3c641) Importer(815301076,1909f56bfc062723c751e8b465ee728b) (PreviewImporter) -> (artifact id: '3e38613b8ca0a59974c4259fd5e639ed') in 0.006628274 seconds
Number of updated asset objects reloaded before import = 0Number of asset objects unloaded after import = 3

========================================================================
Received Import Request.
  Time since last request: 0.143094 seconds.
  path: Packages/com.unity.2d.animation/Editor/Assets/EditorIcons/Selected/d_Visibility_Tool@2x.png
  artifactKey: Guid(a9e89ee3f041fa5459a4e78b37d1e58e) Importer(815301076,1909f56bfc062723c751e8b465ee728b)
Start importing Packages/com.unity.2d.animation/Editor/Assets/EditorIcons/Selected/d_Visibility_Tool@2x.png using Guid(a9e89ee3f041fa5459a4e78b37d1e58e) Importer(815301076,1909f56bfc062723c751e8b465ee728b) (PreviewImporter) -> (artifact id: 'e6a640d8f4fc160eb7103dd00f5fb077') in 0.007100704 seconds
Number of updated asset objects reloaded before import = 0Number of asset objects unloaded after import = 3

========================================================================
Received Import Request.
  Time since last request: 0.000027 seconds.
  path: Packages/com.unity.2d.animation/Editor/Assets/EditorIcons/Dark/d_Visibility_Tool@2x 1.png
  artifactKey: Guid(1c5db39ecfdc3764c9b3874920a80999) Importer(815301076,1909f56bfc062723c751e8b465ee728b)
Start importing Packages/com.unity.2d.animation/Editor/Assets/EditorIcons/Dark/d_Visibility_Tool@2x 1.png using Guid(1c5db39ecfdc3764c9b3874920a80999) Importer(815301076,1909f56bfc062723c751e8b465ee728b) (PreviewImporter) -> (artifact id: '6a2cdb8a743c567c9061d233d2baa62a') in 0.006092111 seconds
Number of updated asset objects reloaded before import = 0Number of asset objects unloaded after import = 3

========================================================================
Received Import Request.
  Time since last request: 0.154232 seconds.
  path: Packages/com.unity.2d.animation/Editor/Assets/EditorIcons/Dark/d_Visibility_Tool@3x.png
  artifactKey: Guid(8c3b52e1fbc36584d802ee0099c48682) Importer(815301076,1909f56bfc062723c751e8b465ee728b)
Start importing Packages/com.unity.2d.animation/Editor/Assets/EditorIcons/Dark/d_Visibility_Tool@3x.png using Guid(8c3b52e1fbc36584d802ee0099c48682) Importer(815301076,1909f56bfc062723c751e8b465ee728b) (PreviewImporter) -> (artifact id: '42f6956b3fadb5d1db86cf0cf7681f98') in 0.008753779 seconds
Number of updated asset objects reloaded before import = 0Number of asset objects unloaded after import = 3

========================================================================
Received Import Request.
  Time since last request: 0.000022 seconds.
  path: Packages/com.unity.2d.animation/Editor/Assets/EditorIcons/Dark/d_Visibility_Tool@4x.png
  artifactKey: Guid(575e67e67fc4b3349bef2112e32f0be3) Importer(815301076,1909f56bfc062723c751e8b465ee728b)
Start importing Packages/com.unity.2d.animation/Editor/Assets/EditorIcons/Dark/d_Visibility_Tool@4x.png using Guid(575e67e67fc4b3349bef2112e32f0be3) Importer(815301076,1909f56bfc062723c751e8b465ee728b) (PreviewImporter) -> (artifact id: 'f028af0f9da2d5007fa65700b8664728') in 0.0066298 seconds
Number of updated asset objects reloaded before import = 0Number of asset objects unloaded after import = 3

========================================================================
Received Import Request.
  Time since last request: 0.000024 seconds.
  path: Packages/com.unity.2d.animation/Editor/Assets/EditorIcons/Dark/d_Visibility_Tool@4x 1.png
  artifactKey: Guid(1748e795fc2216743b74f9f19e87888e) Importer(815301076,1909f56bfc062723c751e8b465ee728b)
Start importing Packages/com.unity.2d.animation/Editor/Assets/EditorIcons/Dark/d_Visibility_Tool@4x 1.png using Guid(1748e795fc2216743b74f9f19e87888e) Importer(815301076,1909f56bfc062723c751e8b465ee728b) (PreviewImporter) -> (artifact id: '66ce08f0761326f21bedcedffd8b09a5') in 0.006370291 seconds
Number of updated asset objects reloaded before import = 0Number of asset objects unloaded after import = 3

========================================================================
Received Import Request.
  Time since last request: 0.135482 seconds.
  path: Packages/com.unity.2d.animation/Editor/Assets/EditorIcons/Dark/d_Warning@2x.png
  artifactKey: Guid(4701020ad5a254186b3082d1f2f37ba0) Importer(815301076,1909f56bfc062723c751e8b465ee728b)
Start importing Packages/com.unity.2d.animation/Editor/Assets/EditorIcons/Dark/d_Warning@2x.png using Guid(4701020ad5a254186b3082d1f2f37ba0) Importer(815301076,1909f56bfc062723c751e8b465ee728b) (PreviewImporter) -> (artifact id: '7b2955534d8376ce1cba150d89f2598e') in 0.006278258 seconds
Number of updated asset objects reloaded before import = 0Number of asset objects unloaded after import = 3

========================================================================
Received Import Request.
  Time since last request: 0.199417 seconds.
  path: Packages/com.unity.2d.animation/Editor/Assets/EditorIcons/Dark/d_Weight_Brush@2x.png
  artifactKey: Guid(fda4344db9f9d794698ed7487ca53957) Importer(815301076,1909f56bfc062723c751e8b465ee728b)
Start importing Packages/com.unity.2d.animation/Editor/Assets/EditorIcons/Dark/d_Weight_Brush@2x.png using Guid(fda4344db9f9d794698ed7487ca53957) Importer(815301076,1909f56bfc062723c751e8b465ee728b) (PreviewImporter) -> (artifact id: '6b3990bb43740fb67484232127cf8e40') in 0.007332986 seconds
Number of updated asset objects reloaded before import = 0Number of asset objects unloaded after import = 3

========================================================================
Received Import Request.
  Time since last request: 0.168177 seconds.
  path: Packages/com.unity.2d.animation/Editor/Assets/EditorIcons/Dark/d_Weight_Slider@2x.png
  artifactKey: Guid(b2aca1e4f59dad54785b6ffded66224a) Importer(815301076,1909f56bfc062723c751e8b465ee728b)
Start importing Packages/com.unity.2d.animation/Editor/Assets/EditorIcons/Dark/d_Weight_Slider@2x.png using Guid(b2aca1e4f59dad54785b6ffded66224a) Importer(815301076,1909f56bfc062723c751e8b465ee728b) (PreviewImporter) -> (artifact id: 'bf5086d30b8b81ff9767695bfcababc4') in 0.008297222 seconds
Number of updated asset objects reloaded before import = 0Number of asset objects unloaded after import = 3

========================================================================
Received Import Request.
  Time since last request: 0.000023 seconds.
  path: Packages/com.unity.2d.animation/Editor/Assets/EditorIcons/Dark/d_Weight_Slider@4x.png
  artifactKey: Guid(6816bbef55b2e9847b5e4f06c5475d8b) Importer(815301076,1909f56bfc062723c751e8b465ee728b)
Start importing Packages/com.unity.2d.animation/Editor/Assets/EditorIcons/Dark/d_Weight_Slider@4x.png using Guid(6816bbef55b2e9847b5e4f06c5475d8b) Importer(815301076,1909f56bfc062723c751e8b465ee728b) (PreviewImporter) -> (artifact id: '6709b78aa4df72017451cfb88075b7d3') in 0.006315929 seconds
Number of updated asset objects reloaded before import = 0Number of asset objects unloaded after import = 3

========================================================================
Received Import Request.
  Time since last request: 0.178611 seconds.
  path: Packages/com.unity.2d.animation/Editor/Assets/EditorIcons/Light/Edit_Geometry@2x.png
  artifactKey: Guid(4bcd27377338b8440bda5ecf26ea2fb5) Importer(815301076,1909f56bfc062723c751e8b465ee728b)
Start importing Packages/com.unity.2d.animation/Editor/Assets/EditorIcons/Light/Edit_Geometry@2x.png using Guid(4bcd27377338b8440bda5ecf26ea2fb5) Importer(815301076,1909f56bfc062723c751e8b465ee728b) (PreviewImporter) -> (artifact id: '51b4ba51b2ddf7f766bdf593f10a2151') in 0.007838104 seconds
Number of updated asset objects reloaded before import = 0Number of asset objects unloaded after import = 3

========================================================================
Received Import Request.
  Time since last request: 0.000022 seconds.
  path: Packages/com.unity.2d.animation/Editor/Assets/EditorIcons/Light/Edit_Geometry@3x.png
  artifactKey: Guid(b37297243655c064a8cd48d76a074ca0) Importer(815301076,1909f56bfc062723c751e8b465ee728b)
Start importing Packages/com.unity.2d.animation/Editor/Assets/EditorIcons/Light/Edit_Geometry@3x.png using Guid(b37297243655c064a8cd48d76a074ca0) Importer(815301076,1909f56bfc062723c751e8b465ee728b) (PreviewImporter) -> (artifact id: 'f28f6ef567f03bba99a01227fee69bac') in 0.007397415 seconds
Number of updated asset objects reloaded before import = 0Number of asset objects unloaded after import = 3

========================================================================
Received Import Request.
  Time since last request: 0.164771 seconds.
  path: Packages/com.unity.2d.animation/Editor/Assets/EditorIcons/Selected/Edit_Geometry@4x.png
  artifactKey: Guid(1a96ab5f501a8e84c9016458682e1ccb) Importer(815301076,1909f56bfc062723c751e8b465ee728b)
Start importing Packages/com.unity.2d.animation/Editor/Assets/EditorIcons/Selected/Edit_Geometry@4x.png using Guid(1a96ab5f501a8e84c9016458682e1ccb) Importer(815301076,1909f56bfc062723c751e8b465ee728b) (PreviewImporter) -> (artifact id: '997cd9995e31b705468e7948b950a593') in 0.00714564 seconds
Number of updated asset objects reloaded before import = 0Number of asset objects unloaded after import = 3

========================================================================
Received Import Request.
  Time since last request: 0.415471 seconds.
  path: Packages/com.unity.2d.animation/Editor/Assets/EditorIcons/Light/Edit_Joints.png
  artifactKey: Guid(e7b30dca77466b8478690c280b0010ea) Importer(815301076,1909f56bfc062723c751e8b465ee728b)
Start importing Packages/com.unity.2d.animation/Editor/Assets/EditorIcons/Light/Edit_Joints.png using Guid(e7b30dca77466b8478690c280b0010ea) Importer(815301076,1909f56bfc062723c751e8b465ee728b) (PreviewImporter) -> (artifact id: '68466e15fb9a6dfe82153da719138d55') in 0.011185816 seconds
Number of updated asset objects reloaded before import = 0Number of asset objects unloaded after import = 3

========================================================================
Received Import Request.
  Time since last request: 5.270846 seconds.
  path: Packages/com.unity.2d.animation/Editor/Assets/EditorIcons/Selected/Edit_Pose@2x.png
  artifactKey: Guid(1da4b8d35afa8314198e7b69dc383431) Importer(815301076,1909f56bfc062723c751e8b465ee728b)
Start importing Packages/com.unity.2d.animation/Editor/Assets/EditorIcons/Selected/Edit_Pose@2x.png using Guid(1da4b8d35afa8314198e7b69dc383431) Importer(815301076,1909f56bfc062723c751e8b465ee728b) (PreviewImporter) -> (artifact id: '78f0968a92b33169b7c054d9c8d80aa6') in 0.011439906 seconds
Number of updated asset objects reloaded before import = 0Number of asset objects unloaded after import = 3

========================================================================
Received Import Request.
  Time since last request: 0.074091 seconds.
  path: Packages/com.unity.2d.animation/Editor/Assets/EditorIcons/Light/Edit_Pose@4x.png
  artifactKey: Guid(095744d2710d19e4ab3dd9f6852cbd15) Importer(815301076,1909f56bfc062723c751e8b465ee728b)
Start importing Packages/com.unity.2d.animation/Editor/Assets/EditorIcons/Light/Edit_Pose@4x.png using Guid(095744d2710d19e4ab3dd9f6852cbd15) Importer(815301076,1909f56bfc062723c751e8b465ee728b) (PreviewImporter) -> (artifact id: 'c138259cabcfd1f5f08eef761023aa1d') in 0.008709242 seconds
Number of updated asset objects reloaded before import = 0Number of asset objects unloaded after import = 3

========================================================================
Received Import Request.
  Time since last request: 0.286220 seconds.
  path: Packages/com.unity.2d.tilemap/Editor/Icons/EditorUI.Filter@2x.png
  artifactKey: Guid(943f98e6f10ab4d4883cdc5198a68118) Importer(815301076,1909f56bfc062723c751e8b465ee728b)
Start importing Packages/com.unity.2d.tilemap/Editor/Icons/EditorUI.Filter@2x.png using Guid(943f98e6f10ab4d4883cdc5198a68118) Importer(815301076,1909f56bfc062723c751e8b465ee728b) (PreviewImporter) -> (artifact id: 'dbb6116ea5a0762761d90492063b877e') in 0.010078468 seconds
Number of updated asset objects reloaded before import = 0Number of asset objects unloaded after import = 3

========================================================================
Received Import Request.
  Time since last request: 0.053505 seconds.
  path: Packages/com.unity.2d.tilemap/Editor/Icons/EditorUI.Target@4x.png
  artifactKey: Guid(86f74056ad052aa4b83fe485546f0521) Importer(815301076,1909f56bfc062723c751e8b465ee728b)
Start importing Packages/com.unity.2d.tilemap/Editor/Icons/EditorUI.Target@4x.png using Guid(86f74056ad052aa4b83fe485546f0521) Importer(815301076,1909f56bfc062723c751e8b465ee728b) (PreviewImporter) -> (artifact id: '906e37951bec87aec1327be0c12fb5a5') in 0.00856049 seconds
Number of updated asset objects reloaded before import = 0Number of asset objects unloaded after import = 3

========================================================================
Received Import Request.
  Time since last request: 0.508614 seconds.
  path: Packages/com.unity.2d.tilemap/Editor/Icons/EditorUI.TargetHover@2x.png
  artifactKey: Guid(2e12ff2cc7983784eab0dfe0bb7ff17e) Importer(815301076,1909f56bfc062723c751e8b465ee728b)
Start importing Packages/com.unity.2d.tilemap/Editor/Icons/EditorUI.TargetHover@2x.png using Guid(2e12ff2cc7983784eab0dfe0bb7ff17e) Importer(815301076,1909f56bfc062723c751e8b465ee728b) (PreviewImporter) -> (artifact id: '278c1451f7292c3550335f4e81bd55ad') in 0.011373389 seconds
Number of updated asset objects reloaded before import = 0Number of asset objects unloaded after import = 3

========================================================================
Received Import Request.
  Time since last request: 1.334335 seconds.
  path: Packages/com.unity.render-pipelines.core/Editor/LookDev/Icons/Environment.png
  artifactKey: Guid(8accc003516bedf4b94c9c8a86b2b6a1) Importer(815301076,1909f56bfc062723c751e8b465ee728b)
Start importing Packages/com.unity.render-pipelines.core/Editor/LookDev/Icons/Environment.png using Guid(8accc003516bedf4b94c9c8a86b2b6a1) Importer(815301076,1909f56bfc062723c751e8b465ee728b) (PreviewImporter) -> (artifact id: 'c310376a28b26e95677d7fb1d9112ef9') in 0.010699282 seconds
Number of updated asset objects reloaded before import = 0Number of asset objects unloaded after import = 3

========================================================================
Received Import Request.
  Time since last request: 2.881994 seconds.
  path: Packages/com.unity.2d.animation/Editor/Assets/EditorIcons/Light/False.png
  artifactKey: Guid(4cbbf7337aa794bf299ec0044983eef2) Importer(815301076,1909f56bfc062723c751e8b465ee728b)
Start importing Packages/com.unity.2d.animation/Editor/Assets/EditorIcons/Light/False.png using Guid(4cbbf7337aa794bf299ec0044983eef2) Importer(815301076,1909f56bfc062723c751e8b465ee728b) (PreviewImporter) -> (artifact id: 'a7a395b9f0116e7a1aa0a1be0d337944') in 0.011002702 seconds
Number of updated asset objects reloaded before import = 0Number of asset objects unloaded after import = 3

========================================================================
Received Import Request.
  Time since last request: 0.170633 seconds.
  path: Packages/com.unity.2d.tilemap.extras/Editor/Brushes/GameObjectBrush/GameObjectBrush.png
  artifactKey: Guid(81b9fd0d26ce94e99b7657816abb5859) Importer(815301076,1909f56bfc062723c751e8b465ee728b)
Start importing Packages/com.unity.2d.tilemap.extras/Editor/Brushes/GameObjectBrush/GameObjectBrush.png using Guid(81b9fd0d26ce94e99b7657816abb5859) Importer(815301076,1909f56bfc062723c751e8b465ee728b) (PreviewImporter) -> (artifact id: '7339bad6fc35ecf6dfd1e6abb53bda77') in 0.010240406 seconds
Number of updated asset objects reloaded before import = 0Number of asset objects unloaded after import = 3

========================================================================
Received Import Request.
  Time since last request: 2.370871 seconds.
  path: Packages/com.unity.2d.tilemap.extras/Editor/Brushes/GameObjectBrush/GameObjectBrush@2x.png
  artifactKey: Guid(3b1f1c1705419448398bbfafa99724cc) Importer(815301076,1909f56bfc062723c751e8b465ee728b)
Start importing Packages/com.unity.2d.tilemap.extras/Editor/Brushes/GameObjectBrush/GameObjectBrush@2x.png using Guid(3b1f1c1705419448398bbfafa99724cc) Importer(815301076,1909f56bfc062723c751e8b465ee728b) (PreviewImporter) -> (artifact id: 'b0d07235564a05b8cc01f996b86aa763') in 0.012102473 seconds
Number of updated asset objects reloaded before import = 0Number of asset objects unloaded after import = 3

========================================================================
Received Import Request.
  Time since last request: 1.138302 seconds.
  path: Packages/com.unity.2d.animation/Editor/Assets/EditorIcons/Selected/Generate_Geometry.png
  artifactKey: Guid(41842964c48860f46b45e7b3d5986e07) Importer(815301076,1909f56bfc062723c751e8b465ee728b)
Start importing Packages/com.unity.2d.animation/Editor/Assets/EditorIcons/Selected/Generate_Geometry.png using Guid(41842964c48860f46b45e7b3d5986e07) Importer(815301076,1909f56bfc062723c751e8b465ee728b) (PreviewImporter) -> (artifact id: '9a7a925768de76a53e05204765f832e7') in 0.011138989 seconds
Number of updated asset objects reloaded before import = 0Number of asset objects unloaded after import = 3

========================================================================
Received Import Request.
  Time since last request: 0.205498 seconds.
  path: Packages/com.unity.2d.animation/Editor/Assets/EditorIcons/Selected/Generate_Geometry@2x.png
  artifactKey: Guid(114d4aa7bb14433489b942bb28ff6183) Importer(815301076,1909f56bfc062723c751e8b465ee728b)
Start importing Packages/com.unity.2d.animation/Editor/Assets/EditorIcons/Selected/Generate_Geometry@2x.png using Guid(114d4aa7bb14433489b942bb28ff6183) Importer(815301076,1909f56bfc062723c751e8b465ee728b) (PreviewImporter) -> (artifact id: '5c984dc6de824eb0c253e5266458393d') in 0.010801944 seconds
Number of updated asset objects reloaded before import = 0Number of asset objects unloaded after import = 3

========================================================================
Received Import Request.
  Time since last request: 1.952051 seconds.
  path: Packages/com.unity.2d.animation/Editor/Assets/EditorIcons/Selected/Generate_Geometry@3x.png
  artifactKey: Guid(a581ff3810b2e0a4690cddcf7634ed22) Importer(815301076,1909f56bfc062723c751e8b465ee728b)
Start importing Packages/com.unity.2d.animation/Editor/Assets/EditorIcons/Selected/Generate_Geometry@3x.png using Guid(a581ff3810b2e0a4690cddcf7634ed22) Importer(815301076,1909f56bfc062723c751e8b465ee728b) (PreviewImporter) -> (artifact id: '96e6e935c1912dd2d5cf30cf1a3ecaf8') in 0.012513026 seconds
Number of updated asset objects reloaded before import = 0Number of asset objects unloaded after import = 3

========================================================================
Received Import Request.
  Time since last request: 0.405032 seconds.
  path: Packages/com.unity.2d.animation/Editor/Assets/EditorIcons/Selected/Generate_Geometry@4x.png
  artifactKey: Guid(7b0bba6a9b6960a4fb500a75d4a4caa0) Importer(815301076,1909f56bfc062723c751e8b465ee728b)
Start importing Packages/com.unity.2d.animation/Editor/Assets/EditorIcons/Selected/Generate_Geometry@4x.png using Guid(7b0bba6a9b6960a4fb500a75d4a4caa0) Importer(815301076,1909f56bfc062723c751e8b465ee728b) (PreviewImporter) -> (artifact id: '1d08a792d8c05f8fc844552f62fa1c04') in 0.011576089 seconds
Number of updated asset objects reloaded before import = 0Number of asset objects unloaded after import = 3

========================================================================
Received Import Request.
  Time since last request: 0.000020 seconds.
  path: Packages/com.unity.2d.animation/Editor/Assets/EditorIcons/Light/Generate_Weights.png
  artifactKey: Guid(007c4dbed3f8be9429c39de72ee3c2d7) Importer(815301076,1909f56bfc062723c751e8b465ee728b)
Start importing Packages/com.unity.2d.animation/Editor/Assets/EditorIcons/Light/Generate_Weights.png using Guid(007c4dbed3f8be9429c39de72ee3c2d7) Importer(815301076,1909f56bfc062723c751e8b465ee728b) (PreviewImporter) -> (artifact id: '08b536cb4027e02ee4a39c3e985cb6a4') in 0.00691534 seconds
Number of updated asset objects reloaded before import = 0Number of asset objects unloaded after import = 3

========================================================================
Received Import Request.
  Time since last request: 0.051902 seconds.
  path: Packages/com.unity.2d.animation/Editor/Assets/EditorIcons/Light/Generate_Weights@2x.png
  artifactKey: Guid(ef3672bed7321e34da872e8c2e205209) Importer(815301076,1909f56bfc062723c751e8b465ee728b)
Start importing Packages/com.unity.2d.animation/Editor/Assets/EditorIcons/Light/Generate_Weights@2x.png using Guid(ef3672bed7321e34da872e8c2e205209) Importer(815301076,1909f56bfc062723c751e8b465ee728b) (PreviewImporter) -> (artifact id: 'ec2da3460c32f42b8c58a453ac55f2ab') in 0.006915894 seconds
Number of updated asset objects reloaded before import = 0Number of asset objects unloaded after import = 3

========================================================================
Received Import Request.
  Time since last request: 0.304989 seconds.
  path: Packages/com.unity.2d.animation/Editor/Assets/EditorIcons/Light/Generate_Weights@3x.png
  artifactKey: Guid(ed5ce024c84dbdb42ac5037d03e7c039) Importer(815301076,1909f56bfc062723c751e8b465ee728b)
Start importing Packages/com.unity.2d.animation/Editor/Assets/EditorIcons/Light/Generate_Weights@3x.png using Guid(ed5ce024c84dbdb42ac5037d03e7c039) Importer(815301076,1909f56bfc062723c751e8b465ee728b) (PreviewImporter) -> (artifact id: '8802f7f9755c5d9cef93080918f5f062') in 0.011904923 seconds
Number of updated asset objects reloaded before import = 0Number of asset objects unloaded after import = 3

========================================================================
Received Import Request.
  Time since last request: 0.010403 seconds.
  path: Packages/com.unity.2d.animation/Editor/Assets/EditorIcons/Selected/Generate_Weights@4x.png
  artifactKey: Guid(ea292d445b1c4cb48897511cd9453f1c) Importer(815301076,1909f56bfc062723c751e8b465ee728b)
Start importing Packages/com.unity.2d.animation/Editor/Assets/EditorIcons/Selected/Generate_Weights@4x.png using Guid(ea292d445b1c4cb48897511cd9453f1c) Importer(815301076,1909f56bfc062723c751e8b465ee728b) (PreviewImporter) -> (artifact id: 'df19daa96e5250f3afd3e76dc1ad941c') in 0.007902036 seconds
Number of updated asset objects reloaded before import = 0Number of asset objects unloaded after import = 3

========================================================================
Received Import Request.
  Time since last request: 0.166312 seconds.
  path: Packages/com.unity.2d.tilemap/Editor/Icons/Grid.FlipX.png
  artifactKey: Guid(e883969672bd261498f38ec9e9fc393f) Importer(815301076,1909f56bfc062723c751e8b465ee728b)
Start importing Packages/com.unity.2d.tilemap/Editor/Icons/Grid.FlipX.png using Guid(e883969672bd261498f38ec9e9fc393f) Importer(815301076,1909f56bfc062723c751e8b465ee728b) (PreviewImporter) -> (artifact id: '5b3cde3e570c80138bf2d0e337b984dc') in 0.007646691 seconds
Number of updated asset objects reloaded before import = 0Number of asset objects unloaded after import = 3

========================================================================
Received Import Request.
  Time since last request: 0.068261 seconds.
  path: Packages/com.unity.2d.tilemap/Editor/Icons/Grid.FlipY.png
  artifactKey: Guid(2a807ac042c28e546b9d90048ebbc33f) Importer(815301076,1909f56bfc062723c751e8b465ee728b)
Start importing Packages/com.unity.2d.tilemap/Editor/Icons/Grid.FlipY.png using Guid(2a807ac042c28e546b9d90048ebbc33f) Importer(815301076,1909f56bfc062723c751e8b465ee728b) (PreviewImporter) -> (artifact id: 'ca5f49b127138683d1466c73b40d60da') in 0.008057535 seconds
Number of updated asset objects reloaded before import = 0Number of asset objects unloaded after import = 3

========================================================================
Received Import Request.
  Time since last request: 0.048949 seconds.
  path: Packages/com.unity.2d.tilemap/Editor/Icons/Grid.RotateACW.png
  artifactKey: Guid(28df830b98d0a3f44b58e73d78060ab0) Importer(815301076,1909f56bfc062723c751e8b465ee728b)
Start importing Packages/com.unity.2d.tilemap/Editor/Icons/Grid.RotateACW.png using Guid(28df830b98d0a3f44b58e73d78060ab0) Importer(815301076,1909f56bfc062723c751e8b465ee728b) (PreviewImporter) -> (artifact id: 'c1cbfe529d0cb4155588ced75f44cc48') in 0.007966845 seconds
Number of updated asset objects reloaded before import = 0Number of asset objects unloaded after import = 3

========================================================================
Received Import Request.
  Time since last request: 0.511498 seconds.
  path: Packages/com.unity.2d.tilemap/Editor/Icons/Grid.RotateCW.png
  artifactKey: Guid(e25f34c849d45714e86b14d3afbb763e) Importer(815301076,1909f56bfc062723c751e8b465ee728b)
Start importing Packages/com.unity.2d.tilemap/Editor/Icons/Grid.RotateCW.png using Guid(e25f34c849d45714e86b14d3afbb763e) Importer(815301076,1909f56bfc062723c751e8b465ee728b) (PreviewImporter) -> (artifact id: '32f8bc2a32979d4d79ed52a12b805a21') in 0.011659939 seconds
Number of updated asset objects reloaded before import = 0Number of asset objects unloaded after import = 3

========================================================================
Received Import Request.
  Time since last request: 0.425429 seconds.
  path: Packages/com.unity.2d.tilemap.extras/Editor/Brushes/GroupBrush/GroupBrush.png
  artifactKey: Guid(7311db2abcada4c1fa7f7d6f7dc8caf6) Importer(815301076,1909f56bfc062723c751e8b465ee728b)
Start importing Packages/com.unity.2d.tilemap.extras/Editor/Brushes/GroupBrush/GroupBrush.png using Guid(7311db2abcada4c1fa7f7d6f7dc8caf6) Importer(815301076,1909f56bfc062723c751e8b465ee728b) (PreviewImporter) -> (artifact id: '41b48fc3978854c845dd73b616c2bc8f') in 0.011362362 seconds
Number of updated asset objects reloaded before import = 0Number of asset objects unloaded after import = 3

========================================================================
Received Import Request.
  Time since last request: 0.120448 seconds.
  path: Packages/com.unity.2d.tilemap.extras/Editor/Brushes/GroupBrush/GroupBrush@4x.png
  artifactKey: Guid(af6919a8e471b413bb139793dde211a1) Importer(815301076,1909f56bfc062723c751e8b465ee728b)
Start importing Packages/com.unity.2d.tilemap.extras/Editor/Brushes/GroupBrush/GroupBrush@4x.png using Guid(af6919a8e471b413bb139793dde211a1) Importer(815301076,1909f56bfc062723c751e8b465ee728b) (PreviewImporter) -> (artifact id: '72be66457365e62dfedaa7e5061de2c7') in 0.010744721 seconds
Number of updated asset objects reloaded before import = 0Number of asset objects unloaded after import = 3

========================================================================
Received Import Request.
  Time since last request: 0.488984 seconds.
  path: Packages/com.unity.2d.sprite/Editor/ObjectMenuCreation/DefaultAssets/Textures/v2/HexagonFlatTop.png
  artifactKey: Guid(b670ab75dde984907b8570040daa08c5) Importer(815301076,1909f56bfc062723c751e8b465ee728b)
Start importing Packages/com.unity.2d.sprite/Editor/ObjectMenuCreation/DefaultAssets/Textures/v2/HexagonFlatTop.png using Guid(b670ab75dde984907b8570040daa08c5) Importer(815301076,1909f56bfc062723c751e8b465ee728b) (PreviewImporter) -> (artifact id: 'a183c30635e87fe30511155de92641c4') in 0.015675334 seconds
Number of updated asset objects reloaded before import = 0Number of asset objects unloaded after import = 3

========================================================================
Received Import Request.
  Time since last request: 4.962598 seconds.
  path: Packages/com.unity.collab-proxy/Editor/Assets/Images/iconbranch.png
  artifactKey: Guid(981b1c6358520f245a69c070270eca96) Importer(815301076,1909f56bfc062723c751e8b465ee728b)
Start importing Packages/com.unity.collab-proxy/Editor/Assets/Images/iconbranch.png using Guid(981b1c6358520f245a69c070270eca96) Importer(815301076,1909f56bfc062723c751e8b465ee728b) (PreviewImporter) -> (artifact id: '1ab6a76a6055864df29f55abecd71202') in 0.011102379 seconds
Number of updated asset objects reloaded before import = 0Number of asset objects unloaded after import = 3

========================================================================
Received Import Request.
  Time since last request: 1.389417 seconds.
  path: Packages/com.unity.collab-proxy/Editor/Assets/Images/iconbrex.png
  artifactKey: Guid(87480bc179519ff4da25283c61c2573b) Importer(815301076,1909f56bfc062723c751e8b465ee728b)
Start importing Packages/com.unity.collab-proxy/Editor/Assets/Images/iconbrex.png using Guid(87480bc179519ff4da25283c61c2573b) Importer(815301076,1909f56bfc062723c751e8b465ee728b) (PreviewImporter) -> (artifact id: 'b9be20b10daf82cfd0541e993c679320') in 0.011149819 seconds
Number of updated asset objects reloaded before import = 0Number of asset objects unloaded after import = 3

========================================================================
Received Import Request.
  Time since last request: 0.097885 seconds.
  path: Packages/com.unity.collab-proxy/Editor/Assets/Images/iconchangesets.png
  artifactKey: Guid(c5d82e0b4fbcf42539ceffc642e631ce) Importer(815301076,1909f56bfc062723c751e8b465ee728b)
Start importing Packages/com.unity.collab-proxy/Editor/Assets/Images/iconchangesets.png using Guid(c5d82e0b4fbcf42539ceffc642e631ce) Importer(815301076,1909f56bfc062723c751e8b465ee728b) (PreviewImporter) -> (artifact id: '7477906e88cfbc30b7b076afa3644d41') in 0.008427171 seconds
Number of updated asset objects reloaded before import = 0Number of asset objects unloaded after import = 3

========================================================================
Received Import Request.
  Time since last request: 0.347713 seconds.
  path: Packages/com.unity.collab-proxy/Editor/Assets/Images/iconcheckedoutlocaloverlay.png
  artifactKey: Guid(eb591dd22aae343468cc4dd017c550d0) Importer(815301076,1909f56bfc062723c751e8b465ee728b)
Start importing Packages/com.unity.collab-proxy/Editor/Assets/Images/iconcheckedoutlocaloverlay.png using Guid(eb591dd22aae343468cc4dd017c550d0) Importer(815301076,1909f56bfc062723c751e8b465ee728b) (PreviewImporter) -> (artifact id: '6e96455f992f1514f382baf6aa56f61b') in 0.010288402 seconds
Number of updated asset objects reloaded before import = 0Number of asset objects unloaded after import = 3

========================================================================
Received Import Request.
  Time since last request: 0.021736 seconds.
  path: Packages/com.unity.collab-proxy/Editor/Assets/Images/iconclipboard@2x.png
  artifactKey: Guid(0ff35d4ec6d381941bdbe1fb4b6dbceb) Importer(815301076,1909f56bfc062723c751e8b465ee728b)
Start importing Packages/com.unity.collab-proxy/Editor/Assets/Images/iconclipboard@2x.png using Guid(0ff35d4ec6d381941bdbe1fb4b6dbceb) Importer(815301076,1909f56bfc062723c751e8b465ee728b) (PreviewImporter) -> (artifact id: 'ef5fafd9e71c079f80eba6bd94224534') in 0.008140644 seconds
Number of updated asset objects reloaded before import = 0Number of asset objects unloaded after import = 3

========================================================================
Received Import Request.
  Time since last request: 0.455324 seconds.
  path: Packages/com.unity.collab-proxy/Editor/Assets/Images/iconclouddriveview@2x.png
  artifactKey: Guid(259fe6e49c74eb143a9fc88f6bd3f050) Importer(815301076,1909f56bfc062723c751e8b465ee728b)
Start importing Packages/com.unity.collab-proxy/Editor/Assets/Images/iconclouddriveview@2x.png using Guid(259fe6e49c74eb143a9fc88f6bd3f050) Importer(815301076,1909f56bfc062723c751e8b465ee728b) (PreviewImporter) -> (artifact id: 'd08d44d596923726110953eaf11f5b35') in 0.011668832 seconds
Number of updated asset objects reloaded before import = 0Number of asset objects unloaded after import = 3

========================================================================
Received Import Request.
  Time since last request: 0.021082 seconds.
  path: Packages/com.unity.collab-proxy/Editor/Assets/Images/iconconflictresolvedoverlay.png
  artifactKey: Guid(1318ab8bf649dcf43b922511fa5e155b) Importer(815301076,1909f56bfc062723c751e8b465ee728b)
Start importing Packages/com.unity.collab-proxy/Editor/Assets/Images/iconconflictresolvedoverlay.png using Guid(1318ab8bf649dcf43b922511fa5e155b) Importer(815301076,1909f56bfc062723c751e8b465ee728b) (PreviewImporter) -> (artifact id: '4a51a1eb586aabc4151b24be011e896d') in 0.008077549 seconds
Number of updated asset objects reloaded before import = 0Number of asset objects unloaded after import = 3

========================================================================
Received Import Request.
  Time since last request: 0.017130 seconds.
  path: Packages/com.unity.collab-proxy/Editor/Assets/Images/iconcurrentbranch@2x.png
  artifactKey: Guid(ead32eef98d0a664fb5b025c4bf013d4) Importer(815301076,1909f56bfc062723c751e8b465ee728b)
Start importing Packages/com.unity.collab-proxy/Editor/Assets/Images/iconcurrentbranch@2x.png using Guid(ead32eef98d0a664fb5b025c4bf013d4) Importer(815301076,1909f56bfc062723c751e8b465ee728b) (PreviewImporter) -> (artifact id: '65b7360fca9501230bb4386aadd0eaea') in 0.006814052 seconds
Number of updated asset objects reloaded before import = 0Number of asset objects unloaded after import = 3

========================================================================
Received Import Request.
  Time since last request: 0.457028 seconds.
  path: Packages/com.unity.collab-proxy/Editor/Assets/Images/icondeletedremoteoverlay.png
  artifactKey: Guid(092347b12f348a6439e85218cd291ea2) Importer(815301076,1909f56bfc062723c751e8b465ee728b)
Start importing Packages/com.unity.collab-proxy/Editor/Assets/Images/icondeletedremoteoverlay.png using Guid(092347b12f348a6439e85218cd291ea2) Importer(815301076,1909f56bfc062723c751e8b465ee728b) (PreviewImporter) -> (artifact id: '0f52f9f5dc17215bdb157d6658115f2c') in 0.01036762 seconds
Number of updated asset objects reloaded before import = 0Number of asset objects unloaded after import = 3

========================================================================
Received Import Request.
  Time since last request: 0.023776 seconds.
  path: Packages/com.unity.collab-proxy/Editor/Assets/Images/iconhistory@2x.png
  artifactKey: Guid(08c1bc2a008284ed6987b801a480e64a) Importer(815301076,1909f56bfc062723c751e8b465ee728b)
Start importing Packages/com.unity.collab-proxy/Editor/Assets/Images/iconhistory@2x.png using Guid(08c1bc2a008284ed6987b801a480e64a) Importer(815301076,1909f56bfc062723c751e8b465ee728b) (PreviewImporter) -> (artifact id: 'b8186e5e7c8ffd29ec8f09b952556afa') in 0.007781496 seconds
Number of updated asset objects reloaded before import = 0Number of asset objects unloaded after import = 3

========================================================================
Received Import Request.
  Time since last request: 0.034978 seconds.
  path: Packages/com.unity.collab-proxy/Editor/Assets/Images/iconignoredoverlay@2x.png
  artifactKey: Guid(fcbeb36f6ab89fb498ccbbc3bc2ef51c) Importer(815301076,1909f56bfc062723c751e8b465ee728b)
Start importing Packages/com.unity.collab-proxy/Editor/Assets/Images/iconignoredoverlay@2x.png using Guid(fcbeb36f6ab89fb498ccbbc3bc2ef51c) Importer(815301076,1909f56bfc062723c751e8b465ee728b) (PreviewImporter) -> (artifact id: '4c369259cbc80b7d3c7e5cdcad4b669a') in 0.006929079 seconds
Number of updated asset objects reloaded before import = 0Number of asset objects unloaded after import = 3

========================================================================
Received Import Request.
  Time since last request: 0.035815 seconds.
  path: Packages/com.unity.collab-proxy/Editor/Assets/Images/iconincomingchangesview@2x.png
  artifactKey: Guid(b8263c2f8ead9485180cfeaa9bde0999) Importer(815301076,1909f56bfc062723c751e8b465ee728b)
Start importing Packages/com.unity.collab-proxy/Editor/Assets/Images/iconincomingchangesview@2x.png using Guid(b8263c2f8ead9485180cfeaa9bde0999) Importer(815301076,1909f56bfc062723c751e8b465ee728b) (PreviewImporter) -> (artifact id: '9e8f36ce3d11d37113a130ffacc22a70') in 0.006640423 seconds
Number of updated asset objects reloaded before import = 0Number of asset objects unloaded after import = 3

========================================================================
Received Import Request.
  Time since last request: 0.419267 seconds.
  path: Packages/com.unity.collab-proxy/Editor/Assets/Images/iconinfobellnotification@2x.png
  artifactKey: Guid(830164d71b9d60c40b606822b957d10b) Importer(815301076,1909f56bfc062723c751e8b465ee728b)
Start importing Packages/com.unity.collab-proxy/Editor/Assets/Images/iconinfobellnotification@2x.png using Guid(830164d71b9d60c40b606822b957d10b) Importer(815301076,1909f56bfc062723c751e8b465ee728b) (PreviewImporter) -> (artifact id: 'feeb8299ed1ccdf76d5194a0a0cf87a2') in 0.01032104 seconds
Number of updated asset objects reloaded before import = 0Number of asset objects unloaded after import = 3

========================================================================
Received Import Request.
  Time since last request: 0.022944 seconds.
  path: Packages/com.unity.collab-proxy/Editor/Assets/Images/iconinviteusers@2x.png
  artifactKey: Guid(b43651fb085b38445ade3f9de3ab0636) Importer(815301076,1909f56bfc062723c751e8b465ee728b)
Start importing Packages/com.unity.collab-proxy/Editor/Assets/Images/iconinviteusers@2x.png using Guid(b43651fb085b38445ade3f9de3ab0636) Importer(815301076,1909f56bfc062723c751e8b465ee728b) (PreviewImporter) -> (artifact id: '7e47e2d072bab2551ed7c6e63c7977b8') in 0.007909964 seconds
Number of updated asset objects reloaded before import = 0Number of asset objects unloaded after import = 3

========================================================================
Received Import Request.
  Time since last request: 0.033235 seconds.
  path: Packages/com.unity.collab-proxy/Editor/Assets/Images/iconlabel@2x.png
  artifactKey: Guid(c8396bd7e257d6b4b8d1d72fdb7a2684) Importer(815301076,1909f56bfc062723c751e8b465ee728b)
Start importing Packages/com.unity.collab-proxy/Editor/Assets/Images/iconlabel@2x.png using Guid(c8396bd7e257d6b4b8d1d72fdb7a2684) Importer(815301076,1909f56bfc062723c751e8b465ee728b) (PreviewImporter) -> (artifact id: '15f2bc57f2f891a968bfcb0f2f4528d4') in 0.007707574 seconds
Number of updated asset objects reloaded before import = 0Number of asset objects unloaded after import = 3

========================================================================
Received Import Request.
  Time since last request: 0.030276 seconds.
  path: Packages/com.unity.collab-proxy/Editor/Assets/Images/iconlock@2x.png
  artifactKey: Guid(ba96945b6a1b743579931a87e98041fe) Importer(815301076,1909f56bfc062723c751e8b465ee728b)
Start importing Packages/com.unity.collab-proxy/Editor/Assets/Images/iconlock@2x.png using Guid(ba96945b6a1b743579931a87e98041fe) Importer(815301076,1909f56bfc062723c751e8b465ee728b) (PreviewImporter) -> (artifact id: '8627238fb8adf8ed5a0173669fd0cac0') in 0.006409893 seconds
Number of updated asset objects reloaded before import = 0Number of asset objects unloaded after import = 3

========================================================================
Received Import Request.
  Time since last request: 0.290074 seconds.
  path: Packages/com.unity.collab-proxy/Editor/Assets/Images/iconlockedremoteoverlay.png
  artifactKey: Guid(4cffcba66879d7a4a9da8554709e9825) Importer(815301076,1909f56bfc062723c751e8b465ee728b)
Start importing Packages/com.unity.collab-proxy/Editor/Assets/Images/iconlockedremoteoverlay.png using Guid(4cffcba66879d7a4a9da8554709e9825) Importer(815301076,1909f56bfc062723c751e8b465ee728b) (PreviewImporter) -> (artifact id: '326030a08277fc0f61e5f4ef28d8daf5') in 0.009295207 seconds
Number of updated asset objects reloaded before import = 0Number of asset objects unloaded after import = 3

========================================================================
Received Import Request.
  Time since last request: 0.084242 seconds.
  path: Packages/com.unity.collab-proxy/Editor/Assets/Images/iconlockretained@2x.png
  artifactKey: Guid(1844d3d99090a0b43b60a5f1ff821467) Importer(815301076,1909f56bfc062723c751e8b465ee728b)
Start importing Packages/com.unity.collab-proxy/Editor/Assets/Images/iconlockretained@2x.png using Guid(1844d3d99090a0b43b60a5f1ff821467) Importer(815301076,1909f56bfc062723c751e8b465ee728b) (PreviewImporter) -> (artifact id: '11caec76e295c9ee909d68e288f53fec') in 0.008505374 seconds
Number of updated asset objects reloaded before import = 0Number of asset objects unloaded after import = 3

========================================================================
Received Import Request.
  Time since last request: 0.026505 seconds.
  path: Packages/com.unity.collab-proxy/Editor/Assets/Images/iconmergeview@2x.png
  artifactKey: Guid(ca92e845b7b4b41da8e081ca8c0ed3b8) Importer(815301076,1909f56bfc062723c751e8b465ee728b)
Start importing Packages/com.unity.collab-proxy/Editor/Assets/Images/iconmergeview@2x.png using Guid(ca92e845b7b4b41da8e081ca8c0ed3b8) Importer(815301076,1909f56bfc062723c751e8b465ee728b) (PreviewImporter) -> (artifact id: 'c547a7ebaf32b3c56221dd7125b48f40') in 0.007419667 seconds
Number of updated asset objects reloaded before import = 0Number of asset objects unloaded after import = 3

========================================================================
Received Import Request.
  Time since last request: 0.415660 seconds.
  path: Packages/com.unity.collab-proxy/Editor/Assets/Images/iconmovedoverlay@2x.png
  artifactKey: Guid(c7bee029a895b44cfb249d7cd63d13af) Importer(815301076,1909f56bfc062723c751e8b465ee728b)
Start importing Packages/com.unity.collab-proxy/Editor/Assets/Images/iconmovedoverlay@2x.png using Guid(c7bee029a895b44cfb249d7cd63d13af) Importer(815301076,1909f56bfc062723c751e8b465ee728b) (PreviewImporter) -> (artifact id: '2e080abdff419e37e5a7bf680be0173a') in 0.009970944 seconds
Number of updated asset objects reloaded before import = 0Number of asset objects unloaded after import = 3

========================================================================
Received Import Request.
  Time since last request: 0.025998 seconds.
  path: Packages/com.unity.collab-proxy/Editor/Assets/Images/iconpackageupdateavailable.png
  artifactKey: Guid(e9cc02852345307449379a9a877679da) Importer(815301076,1909f56bfc062723c751e8b465ee728b)
Start importing Packages/com.unity.collab-proxy/Editor/Assets/Images/iconpackageupdateavailable.png using Guid(e9cc02852345307449379a9a877679da) Importer(815301076,1909f56bfc062723c751e8b465ee728b) (PreviewImporter) -> (artifact id: '9639eebdca074409b859c62d39ffbd88') in 0.008137218 seconds
Number of updated asset objects reloaded before import = 0Number of asset objects unloaded after import = 3

========================================================================
Received Import Request.
  Time since last request: 0.049067 seconds.
  path: Packages/com.unity.collab-proxy/Editor/Assets/Images/iconpendingchanges.png
  artifactKey: Guid(76a05d2ec901a8b49a064fe0b0674ba7) Importer(815301076,1909f56bfc062723c751e8b465ee728b)
Start importing Packages/com.unity.collab-proxy/Editor/Assets/Images/iconpendingchanges.png using Guid(76a05d2ec901a8b49a064fe0b0674ba7) Importer(815301076,1909f56bfc062723c751e8b465ee728b) (PreviewImporter) -> (artifact id: 'af9018853e16ad7c041c92a4c9211401') in 0.006913569 seconds
Number of updated asset objects reloaded before import = 0Number of asset objects unloaded after import = 3

========================================================================
Received Import Request.
  Time since last request: 0.041370 seconds.
  path: Packages/com.unity.collab-proxy/Editor/Assets/Images/iconpendingchangesview.png
  artifactKey: Guid(034d3052cb4a54f028bf55f9f9115d3c) Importer(815301076,1909f56bfc062723c751e8b465ee728b)
Start importing Packages/com.unity.collab-proxy/Editor/Assets/Images/iconpendingchangesview.png using Guid(034d3052cb4a54f028bf55f9f9115d3c) Importer(815301076,1909f56bfc062723c751e8b465ee728b) (PreviewImporter) -> (artifact id: '96866062e3be945377e627a1c7785876') in 0.006507806 seconds
Number of updated asset objects reloaded before import = 0Number of asset objects unloaded after import = 3

========================================================================
Received Import Request.
  Time since last request: 0.372150 seconds.
  path: Packages/com.unity.collab-proxy/Editor/Assets/Images/iconplasticnotifypendingchanges.png
  artifactKey: Guid(f3e2797165e71b443bae6264899b89d6) Importer(815301076,1909f56bfc062723c751e8b465ee728b)
Start importing Packages/com.unity.collab-proxy/Editor/Assets/Images/iconplasticnotifypendingchanges.png using Guid(f3e2797165e71b443bae6264899b89d6) Importer(815301076,1909f56bfc062723c751e8b465ee728b) (PreviewImporter) -> (artifact id: '97d6a77ba9f5705564e2fa4cf8f16774') in 0.009321362 seconds
Number of updated asset objects reloaded before import = 0Number of asset objects unloaded after import = 3

========================================================================
Received Import Request.
  Time since last request: 0.046337 seconds.
  path: Packages/com.unity.collab-proxy/Editor/Assets/Images/iconplasticnotifypendingchangesandincoming.png
  artifactKey: Guid(96967b3953faf48f6885b45aed76490f) Importer(815301076,1909f56bfc062723c751e8b465ee728b)
Start importing Packages/com.unity.collab-proxy/Editor/Assets/Images/iconplasticnotifypendingchangesandincoming.png using Guid(96967b3953faf48f6885b45aed76490f) Importer(815301076,1909f56bfc062723c751e8b465ee728b) (PreviewImporter) -> (artifact id: 'dffdbb1e3b191c5e9023985da7a791bd') in 0.007896953 seconds
Number of updated asset objects reloaded before import = 0Number of asset objects unloaded after import = 3

========================================================================
Received Import Request.
  Time since last request: 0.027831 seconds.
  path: Packages/com.unity.collab-proxy/Editor/Assets/Images/iconprivateoverlay.png
  artifactKey: Guid(d69b2503b822f4c3a95386e4bc0c8668) Importer(815301076,1909f56bfc062723c751e8b465ee728b)
Start importing Packages/com.unity.collab-proxy/Editor/Assets/Images/iconprivateoverlay.png using Guid(d69b2503b822f4c3a95386e4bc0c8668) Importer(815301076,1909f56bfc062723c751e8b465ee728b) (PreviewImporter) -> (artifact id: '41303697f8bcaba2ff76a968b5ce516d') in 0.006837137 seconds
Number of updated asset objects reloaded before import = 0Number of asset objects unloaded after import = 3

========================================================================
Received Import Request.
  Time since last request: 0.033238 seconds.
  path: Packages/com.unity.collab-proxy/Editor/Assets/Images/iconretainedoverlay.png
  artifactKey: Guid(e73eb87336d0d0846a48f288248f52eb) Importer(815301076,1909f56bfc062723c751e8b465ee728b)
Start importing Packages/com.unity.collab-proxy/Editor/Assets/Images/iconretainedoverlay.png using Guid(e73eb87336d0d0846a48f288248f52eb) Importer(815301076,1909f56bfc062723c751e8b465ee728b) (PreviewImporter) -> (artifact id: '8f3cbc417fdfde745d866db75e4a3589') in 0.006945243 seconds
Number of updated asset objects reloaded before import = 0Number of asset objects unloaded after import = 3

========================================================================
Received Import Request.
  Time since last request: 0.410049 seconds.
  path: Packages/com.unity.collab-proxy/Editor/Assets/Images/iconshelve.png
  artifactKey: Guid(b1b37c2733b68854ba004ff712ef849f) Importer(815301076,1909f56bfc062723c751e8b465ee728b)
Start importing Packages/com.unity.collab-proxy/Editor/Assets/Images/iconshelve.png using Guid(b1b37c2733b68854ba004ff712ef849f) Importer(815301076,1909f56bfc062723c751e8b465ee728b) (PreviewImporter) -> (artifact id: 'e432a8bb24646904c304e5c1d7ddecd0') in 0.009844292 seconds
Number of updated asset objects reloaded before import = 0Number of asset objects unloaded after import = 3

========================================================================
Received Import Request.
  Time since last request: 0.044541 seconds.
  path: Packages/com.unity.2d.sprite/Editor/ObjectMenuCreation/DefaultAssets/Textures/IsometricDiamond.png
  artifactKey: Guid(045b15ec09bba42448d89db77fa6f20a) Importer(815301076,1909f56bfc062723c751e8b465ee728b)
Start importing Packages/com.unity.2d.sprite/Editor/ObjectMenuCreation/DefaultAssets/Textures/IsometricDiamond.png using Guid(045b15ec09bba42448d89db77fa6f20a) Importer(815301076,1909f56bfc062723c751e8b465ee728b) (PreviewImporter) -> (artifact id: '1d92642f41efb7be415e84cee8d09af0') in 0.009322447 seconds
Number of updated asset objects reloaded before import = 0Number of asset objects unloaded after import = 3

========================================================================
Received Import Request.
  Time since last request: 0.033583 seconds.
  path: Packages/com.unity.2d.sprite/Editor/ObjectMenuCreation/DefaultAssets/Textures/IsometricDiamondWithBorder.png
  artifactKey: Guid(0d267bc78a0864eb48358689b29ed20a) Importer(815301076,1909f56bfc062723c751e8b465ee728b)
Start importing Packages/com.unity.2d.sprite/Editor/ObjectMenuCreation/DefaultAssets/Textures/IsometricDiamondWithBorder.png using Guid(0d267bc78a0864eb48358689b29ed20a) Importer(815301076,1909f56bfc062723c751e8b465ee728b) (PreviewImporter) -> (artifact id: 'b3555cb4e691faecbb86d823b19f76c9') in 0.008025702 seconds
Number of updated asset objects reloaded before import = 0Number of asset objects unloaded after import = 3

========================================================================
Received Import Request.
  Time since last request: 0.498936 seconds.
  path: Packages/com.unity.2d.psdimporter/Editor/Assets/Icons/Selected/Layers Collapsed@1x.png
  artifactKey: Guid(2870bda067c0e4d58911767e41709dd2) Importer(815301076,1909f56bfc062723c751e8b465ee728b)
Start importing Packages/com.unity.2d.psdimporter/Editor/Assets/Icons/Selected/Layers Collapsed@1x.png using Guid(2870bda067c0e4d58911767e41709dd2) Importer(815301076,1909f56bfc062723c751e8b465ee728b) (PreviewImporter) -> (artifact id: 'db09b01807fb5e44b88b5aa57ec66aaf') in 0.010705872 seconds
Number of updated asset objects reloaded before import = 0Number of asset objects unloaded after import = 3

========================================================================
Received Import Request.
  Time since last request: 1.212485 seconds.
  path: Packages/com.unity.2d.psdimporter/Editor/Assets/Icons/Dark/Layers Collapsed@1x.png
  artifactKey: Guid(dd04679f252ec40a8b931fbb52bd3f8b) Importer(815301076,1909f56bfc062723c751e8b465ee728b)
Start importing Packages/com.unity.2d.psdimporter/Editor/Assets/Icons/Dark/Layers Collapsed@1x.png using Guid(dd04679f252ec40a8b931fbb52bd3f8b) Importer(815301076,1909f56bfc062723c751e8b465ee728b) (PreviewImporter) -> (artifact id: 'faa6985f9a9b3c78435f69cbcfe5c732') in 0.010900969 seconds
Number of updated asset objects reloaded before import = 0Number of asset objects unloaded after import = 3

========================================================================
Received Import Request.
  Time since last request: 0.219441 seconds.
  path: Packages/com.unity.2d.psdimporter/Editor/Assets/Icons/Dark/Layers Collapsed@2x.png
  artifactKey: Guid(360cfd7debcd44adfbb69d1911de502d) Importer(815301076,1909f56bfc062723c751e8b465ee728b)
Start importing Packages/com.unity.2d.psdimporter/Editor/Assets/Icons/Dark/Layers Collapsed@2x.png using Guid(360cfd7debcd44adfbb69d1911de502d) Importer(815301076,1909f56bfc062723c751e8b465ee728b) (PreviewImporter) -> (artifact id: 'c54d01375b9425e5502b0b23431b82b8') in 0.010456874 seconds
Number of updated asset objects reloaded before import = 0Number of asset objects unloaded after import = 3

========================================================================
Received Import Request.
  Time since last request: 0.205477 seconds.
  path: Packages/com.unity.2d.psdimporter/Editor/Assets/Icons/Dark/Layers Collapsed@4x.png
  artifactKey: Guid(ea5547bcdee4e4a8cb4705499aabe76d) Importer(815301076,1909f56bfc062723c751e8b465ee728b)
Start importing Packages/com.unity.2d.psdimporter/Editor/Assets/Icons/Dark/Layers Collapsed@4x.png using Guid(ea5547bcdee4e4a8cb4705499aabe76d) Importer(815301076,1909f56bfc062723c751e8b465ee728b) (PreviewImporter) -> (artifact id: '7104bd6ffd9cbfe207d97f66c6143bd5') in 0.009747853 seconds
Number of updated asset objects reloaded before import = 0Number of asset objects unloaded after import = 3

========================================================================
Received Import Request.
  Time since last request: 0.347237 seconds.
  path: Packages/com.unity.2d.psdimporter/Editor/Assets/Icons/Selected/Layers Collapsed@4x.png
  artifactKey: Guid(88a01be2082444885aa54d39afb85dd8) Importer(815301076,1909f56bfc062723c751e8b465ee728b)
Start importing Packages/com.unity.2d.psdimporter/Editor/Assets/Icons/Selected/Layers Collapsed@4x.png using Guid(88a01be2082444885aa54d39afb85dd8) Importer(815301076,1909f56bfc062723c751e8b465ee728b) (PreviewImporter) -> (artifact id: '9a988a4303acab84d298fa812db7d231') in 0.010002542 seconds
Number of updated asset objects reloaded before import = 0Number of asset objects unloaded after import = 3

========================================================================
Received Import Request.
  Time since last request: 0.000027 seconds.
  path: Packages/com.unity.2d.psdimporter/Editor/Assets/Icons/Light/Layers Collapsed@8x.png
  artifactKey: Guid(5c35aefb0965746fc8ade2cd405f2ac7) Importer(815301076,1909f56bfc062723c751e8b465ee728b)
Start importing Packages/com.unity.2d.psdimporter/Editor/Assets/Icons/Light/Layers Collapsed@8x.png using Guid(5c35aefb0965746fc8ade2cd405f2ac7) Importer(815301076,1909f56bfc062723c751e8b465ee728b) (PreviewImporter) -> (artifact id: '4d27472e53b871b11e4979c10779457e') in 0.008821169 seconds
Number of updated asset objects reloaded before import = 0Number of asset objects unloaded after import = 3

========================================================================
Received Import Request.
  Time since last request: 0.051057 seconds.
  path: Packages/com.unity.2d.psdimporter/Editor/Assets/Icons/Dark/Layers Collapsed@16x.png
  artifactKey: Guid(725dea07ef1724145806dfddfe9dee03) Importer(815301076,1909f56bfc062723c751e8b465ee728b)
Start importing Packages/com.unity.2d.psdimporter/Editor/Assets/Icons/Dark/Layers Collapsed@16x.png using Guid(725dea07ef1724145806dfddfe9dee03) Importer(815301076,1909f56bfc062723c751e8b465ee728b) (PreviewImporter) -> (artifact id: 'b5eb5c60690cc3f095c8c01e8229003a') in 0.009650885 seconds
Number of updated asset objects reloaded before import = 0Number of asset objects unloaded after import = 3

========================================================================
Received Import Request.
  Time since last request: 0.290802 seconds.
  path: Packages/com.unity.2d.psdimporter/Editor/Assets/Icons/Dark/Layers Mixed@1x.png
  artifactKey: Guid(8dbb9f40df36243efaad92ce7cddfc71) Importer(815301076,1909f56bfc062723c751e8b465ee728b)
Start importing Packages/com.unity.2d.psdimporter/Editor/Assets/Icons/Dark/Layers Mixed@1x.png using Guid(8dbb9f40df36243efaad92ce7cddfc71) Importer(815301076,1909f56bfc062723c751e8b465ee728b) (PreviewImporter) -> (artifact id: '68fb99aa049a23286b18ffa93e6e30dc') in 0.008379359 seconds
Number of updated asset objects reloaded before import = 0Number of asset objects unloaded after import = 3

========================================================================
Received Import Request.
  Time since last request: 0.068411 seconds.
  path: Packages/com.unity.2d.psdimporter/Editor/Assets/Icons/Selected/Layers Mixed@2x.png
  artifactKey: Guid(d7b52ee143e0c4bf09d482ec22428db2) Importer(815301076,1909f56bfc062723c751e8b465ee728b)
Start importing Packages/com.unity.2d.psdimporter/Editor/Assets/Icons/Selected/Layers Mixed@2x.png using Guid(d7b52ee143e0c4bf09d482ec22428db2) Importer(815301076,1909f56bfc062723c751e8b465ee728b) (PreviewImporter) -> (artifact id: '59efc73f728fb53a6888c31a8a01fc06') in 0.007889375 seconds
Number of updated asset objects reloaded before import = 0Number of asset objects unloaded after import = 3

========================================================================
Received Import Request.
  Time since last request: 0.040814 seconds.
  path: Packages/com.unity.2d.psdimporter/Editor/Assets/Icons/Selected/Layers Mixed@4x.png
  artifactKey: Guid(32ae70dfad34e4a56a3f40eaf723f739) Importer(815301076,1909f56bfc062723c751e8b465ee728b)
Start importing Packages/com.unity.2d.psdimporter/Editor/Assets/Icons/Selected/Layers Mixed@4x.png using Guid(32ae70dfad34e4a56a3f40eaf723f739) Importer(815301076,1909f56bfc062723c751e8b465ee728b) (PreviewImporter) -> (artifact id: '5640849103ea864624ffa936ef627d87') in 0.007509874 seconds
Number of updated asset objects reloaded before import = 0Number of asset objects unloaded after import = 3

========================================================================
Received Import Request.
  Time since last request: 0.392070 seconds.
  path: Packages/com.unity.2d.psdimporter/Editor/Assets/Icons/Light/Layers Mixed@8x.png
  artifactKey: Guid(0e6407347fc834e6a8b46f9528bcf7b3) Importer(815301076,1909f56bfc062723c751e8b465ee728b)
Start importing Packages/com.unity.2d.psdimporter/Editor/Assets/Icons/Light/Layers Mixed@8x.png using Guid(0e6407347fc834e6a8b46f9528bcf7b3) Importer(815301076,1909f56bfc062723c751e8b465ee728b) (PreviewImporter) -> (artifact id: '2f7044db13f2203c7d73e10554d783d6') in 0.013840924 seconds
Number of updated asset objects reloaded before import = 0Number of asset objects unloaded after import = 3

========================================================================
Received Import Request.
  Time since last request: 0.062904 seconds.
  path: Packages/com.unity.2d.psdimporter/Editor/Assets/Icons/Dark/Layers Mixed@8x.png
  artifactKey: Guid(1088bf24503634e7dbadf455fdcf78b6) Importer(815301076,1909f56bfc062723c751e8b465ee728b)
Start importing Packages/com.unity.2d.psdimporter/Editor/Assets/Icons/Dark/Layers Mixed@8x.png using Guid(1088bf24503634e7dbadf455fdcf78b6) Importer(815301076,1909f56bfc062723c751e8b465ee728b) (PreviewImporter) -> (artifact id: '953e545da98bd6e08c70c95308ab2419') in 0.010304698 seconds
Number of updated asset objects reloaded before import = 0Number of asset objects unloaded after import = 3

========================================================================
Received Import Request.
  Time since last request: 0.362845 seconds.
  path: Packages/com.unity.2d.psdimporter/Editor/Assets/Icons/Dark/Layers Separated@1x.png
  artifactKey: Guid(9c68e002c59804ee7973df039508cc37) Importer(815301076,1909f56bfc062723c751e8b465ee728b)
Start importing Packages/com.unity.2d.psdimporter/Editor/Assets/Icons/Dark/Layers Separated@1x.png using Guid(9c68e002c59804ee7973df039508cc37) Importer(815301076,1909f56bfc062723c751e8b465ee728b) (PreviewImporter) -> (artifact id: 'f302967306ab5e583fa428406d36dfe7') in 0.010960563 seconds
Number of updated asset objects reloaded before import = 0Number of asset objects unloaded after import = 3

========================================================================
Received Import Request.
  Time since last request: 0.056762 seconds.
  path: Packages/com.unity.2d.psdimporter/Editor/Assets/Icons/Dark/Layers Separated@2x.png
  artifactKey: Guid(e269a78d88d514e4c9bde97d573d7e45) Importer(815301076,1909f56bfc062723c751e8b465ee728b)
Start importing Packages/com.unity.2d.psdimporter/Editor/Assets/Icons/Dark/Layers Separated@2x.png using Guid(e269a78d88d514e4c9bde97d573d7e45) Importer(815301076,1909f56bfc062723c751e8b465ee728b) (PreviewImporter) -> (artifact id: '2c5874f282c255b2acd9ebc0169554fb') in 0.009298105 seconds
Number of updated asset objects reloaded before import = 0Number of asset objects unloaded after import = 3

========================================================================
Received Import Request.
  Time since last request: 0.228077 seconds.
  path: Packages/com.unity.2d.psdimporter/Editor/Assets/Icons/Selected/Layers Separated@4x.png
  artifactKey: Guid(3117700da371f4f3b932c026b648284d) Importer(815301076,1909f56bfc062723c751e8b465ee728b)
Start importing Packages/com.unity.2d.psdimporter/Editor/Assets/Icons/Selected/Layers Separated@4x.png using Guid(3117700da371f4f3b932c026b648284d) Importer(815301076,1909f56bfc062723c751e8b465ee728b) (PreviewImporter) -> (artifact id: '950c87962c43983b5c9a233908c30bb8') in 0.010252045 seconds
Number of updated asset objects reloaded before import = 0Number of asset objects unloaded after import = 3

========================================================================
Received Import Request.
  Time since last request: 0.064230 seconds.
  path: Packages/com.unity.2d.psdimporter/Editor/Assets/Icons/Light/Layers Separated@8x.png
  artifactKey: Guid(2634b0c913a9a4431a8702825a79ca31) Importer(815301076,1909f56bfc062723c751e8b465ee728b)
Start importing Packages/com.unity.2d.psdimporter/Editor/Assets/Icons/Light/Layers Separated@8x.png using Guid(2634b0c913a9a4431a8702825a79ca31) Importer(815301076,1909f56bfc062723c751e8b465ee728b) (PreviewImporter) -> (artifact id: '10c6380a606aa6926b88008166c82bd3') in 0.016138236 seconds
Number of updated asset objects reloaded before import = 0Number of asset objects unloaded after import = 3

========================================================================
Received Import Request.
  Time since last request: 0.284250 seconds.
  path: Packages/com.unity.2d.psdimporter/Editor/Assets/Icons/Dark/Layers Separated@16x.png
  artifactKey: Guid(1f3420e9f7420411a8aac27743b35e29) Importer(815301076,1909f56bfc062723c751e8b465ee728b)
Start importing Packages/com.unity.2d.psdimporter/Editor/Assets/Icons/Dark/Layers Separated@16x.png using Guid(1f3420e9f7420411a8aac27743b35e29) Importer(815301076,1909f56bfc062723c751e8b465ee728b) (PreviewImporter) -> (artifact id: '7adaf2a7d2665bd2d834f6e2eb7a3e61') in 0.013584117 seconds
Number of updated asset objects reloaded before import = 0Number of asset objects unloaded after import = 3

========================================================================
Received Import Request.
  Time since last request: 0.066490 seconds.
  path: Packages/com.unity.render-pipelines.core/Editor/LookDev/Icons/Layout2@2x.png
  artifactKey: Guid(356caeb1305bf794e94ecd5161f8e6e3) Importer(815301076,1909f56bfc062723c751e8b465ee728b)
Start importing Packages/com.unity.render-pipelines.core/Editor/LookDev/Icons/Layout2@2x.png using Guid(356caeb1305bf794e94ecd5161f8e6e3) Importer(815301076,1909f56bfc062723c751e8b465ee728b) (PreviewImporter) -> (artifact id: '1e20588afaa44bf7f682d722b6cd9f67') in 0.007480486 seconds
Number of updated asset objects reloaded before import = 0Number of asset objects unloaded after import = 3

========================================================================
Received Import Request.
  Time since last request: 0.234817 seconds.
  path: Packages/com.unity.render-pipelines.core/Editor/LookDev/Icons/LayoutCustom@2x.png
  artifactKey: Guid(2fffe801f98fb314484382ea4affcf94) Importer(815301076,1909f56bfc062723c751e8b465ee728b)
Start importing Packages/com.unity.render-pipelines.core/Editor/LookDev/Icons/LayoutCustom@2x.png using Guid(2fffe801f98fb314484382ea4affcf94) Importer(815301076,1909f56bfc062723c751e8b465ee728b) (PreviewImporter) -> (artifact id: 'cfdadda42677caa2461d3c28329a85a6') in 0.009674125 seconds
Number of updated asset objects reloaded before import = 0Number of asset objects unloaded after import = 3

========================================================================
Received Import Request.
  Time since last request: 0.028556 seconds.
  path: Packages/com.unity.render-pipelines.core/Editor/LookDev/Icons/LayoutHorizontal@2x.png
  artifactKey: Guid(f3fe1e478135ed34db9a1f6707f52c6a) Importer(815301076,1909f56bfc062723c751e8b465ee728b)
Start importing Packages/com.unity.render-pipelines.core/Editor/LookDev/Icons/LayoutHorizontal@2x.png using Guid(f3fe1e478135ed34db9a1f6707f52c6a) Importer(815301076,1909f56bfc062723c751e8b465ee728b) (PreviewImporter) -> (artifact id: '521176f53bf249b747f5c0557906f579') in 0.013805014 seconds
Number of updated asset objects reloaded before import = 0Number of asset objects unloaded after import = 3

========================================================================
Received Import Request.
  Time since last request: 0.240325 seconds.
  path: Packages/com.unity.render-pipelines.core/Editor/LookDev/Icons/LayoutVertical@2x.png
  artifactKey: Guid(6b8067336fda8f040bb1f6d336ac08c5) Importer(815301076,1909f56bfc062723c751e8b465ee728b)
Start importing Packages/com.unity.render-pipelines.core/Editor/LookDev/Icons/LayoutVertical@2x.png using Guid(6b8067336fda8f040bb1f6d336ac08c5) Importer(815301076,1909f56bfc062723c751e8b465ee728b) (PreviewImporter) -> (artifact id: '094140a4cf8f7059d2198cee9094e9fa') in 0.008792022 seconds
Number of updated asset objects reloaded before import = 0Number of asset objects unloaded after import = 3

========================================================================
Received Import Request.
  Time since last request: 0.589027 seconds.
  path: Packages/com.unity.render-pipelines.core/Editor/LookDev/Icons/LeftArrow.png
  artifactKey: Guid(aba72f93e9005054dba8cb368c0bf724) Importer(815301076,1909f56bfc062723c751e8b465ee728b)
Start importing Packages/com.unity.render-pipelines.core/Editor/LookDev/Icons/LeftArrow.png using Guid(aba72f93e9005054dba8cb368c0bf724) Importer(815301076,1909f56bfc062723c751e8b465ee728b) (PreviewImporter) -> (artifact id: '200a327975c28207d04aa30d9d6bf2e4') in 0.010880889 seconds
Number of updated asset objects reloaded before import = 0Number of asset objects unloaded after import = 3

========================================================================
Received Import Request.
  Time since last request: 0.030002 seconds.
  path: Packages/com.unity.2d.tilemap.extras/Editor/Brushes/LineBrush/LineBrush.png
  artifactKey: Guid(51f8e00edbbd44f1c896a0da0d300315) Importer(815301076,1909f56bfc062723c751e8b465ee728b)
Start importing Packages/com.unity.2d.tilemap.extras/Editor/Brushes/LineBrush/LineBrush.png using Guid(51f8e00edbbd44f1c896a0da0d300315) Importer(815301076,1909f56bfc062723c751e8b465ee728b) (PreviewImporter) -> (artifact id: '00653c68358126a85c25d8e415a6cbd0') in 0.008049251 seconds
Number of updated asset objects reloaded before import = 0Number of asset objects unloaded after import = 3

========================================================================
Received Import Request.
  Time since last request: 0.000022 seconds.
  path: Packages/com.unity.2d.tilemap.extras/Editor/Brushes/LineBrush/LineBrush@4x.png
  artifactKey: Guid(7e9a964572b8d49cb8164bd4b62c92f3) Importer(815301076,1909f56bfc062723c751e8b465ee728b)
Start importing Packages/com.unity.2d.tilemap.extras/Editor/Brushes/LineBrush/LineBrush@4x.png using Guid(7e9a964572b8d49cb8164bd4b62c92f3) Importer(815301076,1909f56bfc062723c751e8b465ee728b) (PreviewImporter) -> (artifact id: '565d2e0d1fdcf6342e6f20859e488c44') in 0.006513317 seconds
Number of updated asset objects reloaded before import = 0Number of asset objects unloaded after import = 3

========================================================================
Received Import Request.
  Time since last request: 3.647953 seconds.
  path: Packages/com.unity.render-pipelines.core/Editor/LookDev/Icons/Link@2x.png
  artifactKey: Guid(9a235474413e1f349b010b461c76efac) Importer(815301076,1909f56bfc062723c751e8b465ee728b)
Start importing Packages/com.unity.render-pipelines.core/Editor/LookDev/Icons/Link@2x.png using Guid(9a235474413e1f349b010b461c76efac) Importer(815301076,1909f56bfc062723c751e8b465ee728b) (PreviewImporter) -> (artifact id: '149d8f5cab472a524ad0046de67ce47d') in 0.011324212 seconds
Number of updated asset objects reloaded before import = 0Number of asset objects unloaded after import = 3

========================================================================
Received Import Request.
  Time since last request: 0.361344 seconds.
  path: Packages/com.unity.2d.animation/Editor/Assets/EditorIcons/Light/Locked.png
  artifactKey: Guid(e34fa6c941a99044c8081d832ca3523f) Importer(815301076,1909f56bfc062723c751e8b465ee728b)
Start importing Packages/com.unity.2d.animation/Editor/Assets/EditorIcons/Light/Locked.png using Guid(e34fa6c941a99044c8081d832ca3523f) Importer(815301076,1909f56bfc062723c751e8b465ee728b) (PreviewImporter) -> (artifact id: '4d57b5267079ac67fc00b39fec14942f') in 0.010204545 seconds
Number of updated asset objects reloaded before import = 0Number of asset objects unloaded after import = 3

========================================================================
Received Import Request.
  Time since last request: 0.339795 seconds.
  path: Packages/com.unity.2d.animation/Editor/Assets/EditorIcons/Light/Mesh.png
  artifactKey: Guid(24f90d3fa2df5c84abbf1455cfda472e) Importer(815301076,1909f56bfc062723c751e8b465ee728b)
Start importing Packages/com.unity.2d.animation/Editor/Assets/EditorIcons/Light/Mesh.png using Guid(24f90d3fa2df5c84abbf1455cfda472e) Importer(815301076,1909f56bfc062723c751e8b465ee728b) (PreviewImporter) -> (artifact id: '8e81b08b3f453208a743fc4f3b454173') in 0.010588146 seconds
Number of updated asset objects reloaded before import = 0Number of asset objects unloaded after import = 3

========================================================================
Received Import Request.
  Time since last request: 5.131047 seconds.
  path: Packages/com.unity.render-pipelines.core/Editor/Icons/RenderGraphViewer/MultipleUsage.png
  artifactKey: Guid(cd47f6d5edd2c7541a0baf3774a54fdd) Importer(815301076,1909f56bfc062723c751e8b465ee728b)
Start importing Packages/com.unity.render-pipelines.core/Editor/Icons/RenderGraphViewer/MultipleUsage.png using Guid(cd47f6d5edd2c7541a0baf3774a54fdd) Importer(815301076,1909f56bfc062723c751e8b465ee728b) (PreviewImporter) -> (artifact id: '3b8750646e6f51aafd16e3eba96665dc') in 0.010884551 seconds
Number of updated asset objects reloaded before import = 0Number of asset objects unloaded after import = 3

========================================================================
Received Import Request.
  Time since last request: 2.049050 seconds.
  path: Packages/com.unity.2d.animation/Editor/Assets/EditorIcons/Selected/Parent_Bone.png
  artifactKey: Guid(1b8ac2bef8a060f4ca19b22a3720cb0e) Importer(815301076,1909f56bfc062723c751e8b465ee728b)
Start importing Packages/com.unity.2d.animation/Editor/Assets/EditorIcons/Selected/Parent_Bone.png using Guid(1b8ac2bef8a060f4ca19b22a3720cb0e) Importer(815301076,1909f56bfc062723c751e8b465ee728b) (PreviewImporter) -> (artifact id: 'fe3643e93f8bf36f17a1921232fd3b55') in 0.011085032 seconds
Number of updated asset objects reloaded before import = 0Number of asset objects unloaded after import = 3

========================================================================
Received Import Request.
  Time since last request: 3.708214 seconds.
  path: Packages/com.unity.2d.animation/Editor/Assets/EditorIcons/Light/Parent_Bone@2x.png
  artifactKey: Guid(fc9e5a25e0610a347b46fd10daa3f0cd) Importer(815301076,1909f56bfc062723c751e8b465ee728b)
Start importing Packages/com.unity.2d.animation/Editor/Assets/EditorIcons/Light/Parent_Bone@2x.png using Guid(fc9e5a25e0610a347b46fd10daa3f0cd) Importer(815301076,1909f56bfc062723c751e8b465ee728b) (PreviewImporter) -> (artifact id: '34cc120a0029faa006218cca66f4246f') in 0.011478802 seconds
Number of updated asset objects reloaded before import = 0Number of asset objects unloaded after import = 3

========================================================================
Received Import Request.
  Time since last request: 0.072201 seconds.
  path: Packages/com.unity.2d.animation/Editor/Assets/EditorIcons/Light/Parent_Bone@3x.png
  artifactKey: Guid(a316f87205656c949a135f4c7ae8d5f2) Importer(815301076,1909f56bfc062723c751e8b465ee728b)
Start importing Packages/com.unity.2d.animation/Editor/Assets/EditorIcons/Light/Parent_Bone@3x.png using Guid(a316f87205656c949a135f4c7ae8d5f2) Importer(815301076,1909f56bfc062723c751e8b465ee728b) (PreviewImporter) -> (artifact id: '772795e0c1d22a14ed42521d12eea639') in 0.009034037 seconds
Number of updated asset objects reloaded before import = 0Number of asset objects unloaded after import = 3

========================================================================
Received Import Request.
  Time since last request: 0.023250 seconds.
  path: Packages/com.unity.2d.animation/Editor/Assets/EditorIcons/Selected/Parent_Bone@4x.png
  artifactKey: Guid(03b3f669dc5706a4592344c6385af858) Importer(815301076,1909f56bfc062723c751e8b465ee728b)
Start importing Packages/com.unity.2d.animation/Editor/Assets/EditorIcons/Selected/Parent_Bone@4x.png using Guid(03b3f669dc5706a4592344c6385af858) Importer(815301076,1909f56bfc062723c751e8b465ee728b) (PreviewImporter) -> (artifact id: '71ddc2f25a2315fc415904e37710a1d8') in 0.007374692 seconds
Number of updated asset objects reloaded before import = 0Number of asset objects unloaded after import = 3

========================================================================
Received Import Request.
  Time since last request: 0.441878 seconds.
  path: Packages/com.unity.2d.animation/Editor/Assets/EditorIcons/Light/Paste@2x.png
  artifactKey: Guid(54b8604d8a7085842917d5b83ca73854) Importer(815301076,1909f56bfc062723c751e8b465ee728b)
Start importing Packages/com.unity.2d.animation/Editor/Assets/EditorIcons/Light/Paste@2x.png using Guid(54b8604d8a7085842917d5b83ca73854) Importer(815301076,1909f56bfc062723c751e8b465ee728b) (PreviewImporter) -> (artifact id: '776079eabb8502bcfd86093fb983cba2') in 0.010684412 seconds
Number of updated asset objects reloaded before import = 0Number of asset objects unloaded after import = 3

========================================================================
Received Import Request.
  Time since last request: 0.066862 seconds.
  path: Packages/com.unity.2d.animation/Editor/Assets/EditorIcons/Light/Paste@4x.png
  artifactKey: Guid(f53eca637c0194e4ab6729cf60753757) Importer(815301076,1909f56bfc062723c751e8b465ee728b)
Start importing Packages/com.unity.2d.animation/Editor/Assets/EditorIcons/Light/Paste@4x.png using Guid(f53eca637c0194e4ab6729cf60753757) Importer(815301076,1909f56bfc062723c751e8b465ee728b) (PreviewImporter) -> (artifact id: 'e4077e27c540dd831a689ae70ef38654') in 0.008650106 seconds
Number of updated asset objects reloaded before import = 0Number of asset objects unloaded after import = 3

========================================================================
Received Import Request.
  Time since last request: 0.716125 seconds.
  path: Packages/com.unity.render-pipelines.universal/Editor/2D/Resources/InspectorIcons/PointLight.png
  artifactKey: Guid(6eaa9958d83ec43499e946a21edba283) Importer(815301076,1909f56bfc062723c751e8b465ee728b)
Start importing Packages/com.unity.render-pipelines.universal/Editor/2D/Resources/InspectorIcons/PointLight.png using Guid(6eaa9958d83ec43499e946a21edba283) Importer(815301076,1909f56bfc062723c751e8b465ee728b) (PreviewImporter) -> (artifact id: 'ca3094588958bb43d4cfaf0732a12d28') in 0.013325233 seconds
Number of updated asset objects reloaded before import = 0Number of asset objects unloaded after import = 3

========================================================================
Received Import Request.
  Time since last request: 0.888651 seconds.
  path: Packages/com.unity.2d.tilemap.extras/Editor/Brushes/RandomBrush/RandomBrush@4x.png
  artifactKey: Guid(c96f05e5532dd47ce999027dc8c62448) Importer(815301076,1909f56bfc062723c751e8b465ee728b)
Start importing Packages/com.unity.2d.tilemap.extras/Editor/Brushes/RandomBrush/RandomBrush@4x.png using Guid(c96f05e5532dd47ce999027dc8c62448) Importer(815301076,1909f56bfc062723c751e8b465ee728b) (PreviewImporter) -> (artifact id: 'b8b95beed4757e6b332dfe572b18bd96') in 0.014274163 seconds
Number of updated asset objects reloaded before import = 0Number of asset objects unloaded after import = 3

========================================================================
Received Import Request.
  Time since last request: 0.055311 seconds.
  path: Packages/com.unity.render-pipelines.core/Editor/LookDev/Icons/Remove@2x.png
  artifactKey: Guid(049c8a7821177594692244298d82e4af) Importer(815301076,1909f56bfc062723c751e8b465ee728b)
Start importing Packages/com.unity.render-pipelines.core/Editor/LookDev/Icons/Remove@2x.png using Guid(049c8a7821177594692244298d82e4af) Importer(815301076,1909f56bfc062723c751e8b465ee728b) (PreviewImporter) -> (artifact id: '8cc95d7b9a059c99397e9a663e9d525b') in 0.007679107 seconds
Number of updated asset objects reloaded before import = 0Number of asset objects unloaded after import = 3

========================================================================
Received Import Request.
  Time since last request: 8.634050 seconds.
  path: Packages/com.unity.2d.animation/Editor/Assets/EditorIcons/Light/SetPivot16.png
  artifactKey: Guid(e7ae402e1190249f4a2be52eb7ec09c5) Importer(815301076,1909f56bfc062723c751e8b465ee728b)
Start importing Packages/com.unity.2d.animation/Editor/Assets/EditorIcons/Light/SetPivot16.png using Guid(e7ae402e1190249f4a2be52eb7ec09c5) Importer(815301076,1909f56bfc062723c751e8b465ee728b) (PreviewImporter) -> (artifact id: 'fbbe0e2251060525d7390d33b301b2a1') in 0.011216342 seconds
Number of updated asset objects reloaded before import = 0Number of asset objects unloaded after import = 3

========================================================================
Received Import Request.
  Time since last request: 0.459265 seconds.
  path: Packages/com.unity.2d.animation/Editor/Assets/EditorIcons/Light/SetPivot32.png
  artifactKey: Guid(2a637fd14bfd64d0e965e4c9e4a7d8b6) Importer(815301076,1909f56bfc062723c751e8b465ee728b)
Start importing Packages/com.unity.2d.animation/Editor/Assets/EditorIcons/Light/SetPivot32.png using Guid(2a637fd14bfd64d0e965e4c9e4a7d8b6) Importer(815301076,1909f56bfc062723c751e8b465ee728b) (PreviewImporter) -> (artifact id: '505c13472282a3b9330db98dcb8245f4') in 0.011261036 seconds
Number of updated asset objects reloaded before import = 0Number of asset objects unloaded after import = 3

========================================================================
Received Import Request.
  Time since last request: 0.031204 seconds.
  path: Packages/com.unity.2d.animation/Editor/Assets/EditorIcons/Selected/SetPivot64.png
  artifactKey: Guid(fe3852467ea5e4b488f8c7e0006c970b) Importer(815301076,1909f56bfc062723c751e8b465ee728b)
Start importing Packages/com.unity.2d.animation/Editor/Assets/EditorIcons/Selected/SetPivot64.png using Guid(fe3852467ea5e4b488f8c7e0006c970b) Importer(815301076,1909f56bfc062723c751e8b465ee728b) (PreviewImporter) -> (artifact id: '1ab87a18f6eb02971dbbfc1711a10c54') in 0.008523473 seconds
Number of updated asset objects reloaded before import = 0Number of asset objects unloaded after import = 3

========================================================================
Received Import Request.
  Time since last request: 0.122129 seconds.
  path: Packages/com.unity.2d.animation/Editor/Assets/EditorIcons/Light/SetPivot128.png
  artifactKey: Guid(6e69868210a834182b29ea52c36a0a52) Importer(815301076,1909f56bfc062723c751e8b465ee728b)
Start importing Packages/com.unity.2d.animation/Editor/Assets/EditorIcons/Light/SetPivot128.png using Guid(6e69868210a834182b29ea52c36a0a52) Importer(815301076,1909f56bfc062723c751e8b465ee728b) (PreviewImporter) -> (artifact id: 'be511cb8e0d06359b75eaf44c1eff1c1') in 0.012755339 seconds
Number of updated asset objects reloaded before import = 0Number of asset objects unloaded after import = 3

========================================================================
Received Import Request.
  Time since last request: 0.514648 seconds.
  path: Packages/com.unity.2d.common/Path/Editor/Handles/ShapeTool.png
  artifactKey: Guid(2fd4f13c38edc483ba5fce64269a434a) Importer(815301076,1909f56bfc062723c751e8b465ee728b)
Start importing Packages/com.unity.2d.common/Path/Editor/Handles/ShapeTool.png using Guid(2fd4f13c38edc483ba5fce64269a434a) Importer(815301076,1909f56bfc062723c751e8b465ee728b) (PreviewImporter) -> (artifact id: '4bc72e258c7404b9304cf41fc3518a5b') in 0.011458932 seconds
Number of updated asset objects reloaded before import = 0Number of asset objects unloaded after import = 3

========================================================================
Received Import Request.
  Time since last request: 2.749565 seconds.
  path: Packages/com.unity.render-pipelines.universal/Textures/2D/Sparkle.png
  artifactKey: Guid(119f93d0bcbf1e743bf5fcf237507d39) Importer(815301076,1909f56bfc062723c751e8b465ee728b)
Start importing Packages/com.unity.render-pipelines.universal/Textures/2D/Sparkle.png using Guid(119f93d0bcbf1e743bf5fcf237507d39) Importer(815301076,1909f56bfc062723c751e8b465ee728b) (PreviewImporter) -> (artifact id: 'f4a0fbfa9d9900586d529e26d47c27e6') in 0.015551724 seconds
Number of updated asset objects reloaded before import = 0Number of asset objects unloaded after import = 3

========================================================================
Received Import Request.
  Time since last request: 1.211188 seconds.
  path: Packages/com.unity.render-pipelines.universal/Editor/2D/Resources/Sparkle.png
  artifactKey: Guid(4a0aca3a5f2effb41b43cc0a1661d845) Importer(815301076,1909f56bfc062723c751e8b465ee728b)
Start importing Packages/com.unity.render-pipelines.universal/Editor/2D/Resources/Sparkle.png using Guid(4a0aca3a5f2effb41b43cc0a1661d845) Importer(815301076,1909f56bfc062723c751e8b465ee728b) (PreviewImporter) -> (artifact id: 'fecc8cff6170de1090c07656809fb662') in 0.015653661 seconds
Number of updated asset objects reloaded before import = 0Number of asset objects unloaded after import = 3

========================================================================
Received Import Request.
  Time since last request: 0.026643 seconds.
  path: Packages/com.unity.2d.animation/Editor/Assets/EditorIcons/Selected/Split Bones.png
  artifactKey: Guid(f723a6284838af1429bbb544ecf4015d) Importer(815301076,1909f56bfc062723c751e8b465ee728b)
Start importing Packages/com.unity.2d.animation/Editor/Assets/EditorIcons/Selected/Split Bones.png using Guid(f723a6284838af1429bbb544ecf4015d) Importer(815301076,1909f56bfc062723c751e8b465ee728b) (PreviewImporter) -> (artifact id: 'c8e41ec543736eae2ef964d8beee528e') in 0.00828867 seconds
Number of updated asset objects reloaded before import = 0Number of asset objects unloaded after import = 3

========================================================================
Received Import Request.
  Time since last request: 0.074590 seconds.
  path: Packages/com.unity.2d.animation/Editor/Assets/EditorIcons/Light/Split Bones@2x.png
  artifactKey: Guid(180eeff5b9e615349907ea53344202fa) Importer(815301076,1909f56bfc062723c751e8b465ee728b)
Start importing Packages/com.unity.2d.animation/Editor/Assets/EditorIcons/Light/Split Bones@2x.png using Guid(180eeff5b9e615349907ea53344202fa) Importer(815301076,1909f56bfc062723c751e8b465ee728b) (PreviewImporter) -> (artifact id: 'ec914c057bb94216b72945f93f3b79c4') in 0.008089592 seconds
Number of updated asset objects reloaded before import = 0Number of asset objects unloaded after import = 3

========================================================================
Received Import Request.
  Time since last request: 1.047856 seconds.
  path: Packages/com.unity.2d.animation/Editor/Assets/EditorIcons/Selected/Split_Edge@3x.png
  artifactKey: Guid(7764b2bf79a49894e8ea10f3d661a4ed) Importer(815301076,1909f56bfc062723c751e8b465ee728b)
Start importing Packages/com.unity.2d.animation/Editor/Assets/EditorIcons/Selected/Split_Edge@3x.png using Guid(7764b2bf79a49894e8ea10f3d661a4ed) Importer(815301076,1909f56bfc062723c751e8b465ee728b) (PreviewImporter) -> (artifact id: 'f8b213ebc8d63c315004771713af2f30') in 0.013336344 seconds
Number of updated asset objects reloaded before import = 0Number of asset objects unloaded after import = 3

========================================================================
Received Import Request.
  Time since last request: 24.338224 seconds.
  path: Assets/Scenes/LogoGame.unity
  artifactKey: Guid(6eb59b656dc2c44f58240edcfd2c4963) Importer(815301076,1909f56bfc062723c751e8b465ee728b)
Start importing Assets/Scenes/LogoGame.unity using Guid(6eb59b656dc2c44f58240edcfd2c4963) Importer(815301076,1909f56bfc062723c751e8b465ee728b) (PreviewImporter) -> (artifact id: '313e1c9adb813969411567e891916711') in 0.000925734 seconds
Number of updated asset objects reloaded before import = 0Number of asset objects unloaded after import = 0

========================================================================
Received Import Request.
  Time since last request: 2.248233 seconds.
  path: Assets/Scenes/LogoGame.unity
  artifactKey: Guid(6eb59b656dc2c44f58240edcfd2c4963) Importer(815301076,1909f56bfc062723c751e8b465ee728b)
Start importing Assets/Scenes/LogoGame.unity using Guid(6eb59b656dc2c44f58240edcfd2c4963) Importer(815301076,1909f56bfc062723c751e8b465ee728b) (PreviewImporter) -> (artifact id: 'a00ea366d175ca7ca3af898f03c8c96f') in 0.001476774 seconds
Number of updated asset objects reloaded before import = 0Number of asset objects unloaded after import = 0

========================================================================
Received Prepare
[Licensing::Client] Successfully resolved entitlement details
Begin MonoManager ReloadAssembly
[Licensing::Client] Successfully resolved entitlement details
- Loaded All Assemblies, in  1.081 seconds
Refreshing native plugins compatible for Editor in 0.96 ms, found 1 plugins.
Native extension for LinuxStandalone target not found
Native extension for Android target not found
Native extension for WebGL target not found
[Package Manager] Failed to launch server process. Reason: Unity was launched with the -noUpm command-line argument
[Package Manager] Unable to send message (not connected to server process).
[Package Manager] Cannot connect to Unity Package Manager local server
Mono: successfully reloaded assembly
- Finished resetting the current domain, in  1.111 seconds
Domain Reload Profiling: 2197ms
	BeginReloadAssembly (286ms)
		ExecutionOrderSort (0ms)
		DisableScriptedObjects (22ms)
		BackupInstance (0ms)
		ReleaseScriptingObjects (0ms)
		CreateAndSetChildDomain (98ms)
	RebuildCommonClasses (59ms)
	RebuildNativeTypeToScriptingClass (16ms)
	initialDomainReloadingComplete (46ms)
	LoadAllAssembliesAndSetupDomain (678ms)
		LoadAssemblies (441ms)
		RebuildTransferFunctionScriptingTraits (0ms)
		AnalyzeDomain (321ms)
			TypeCache.Refresh (12ms)
				TypeCache.ScanAssembly (0ms)
			BuildScriptInfoCaches (286ms)
			ResolveRequiredComponents (18ms)
	FinalizeReload (1112ms)
		ReleaseScriptCaches (0ms)
		RebuildScriptCaches (0ms)
		SetupLoadedEditorAssemblies (861ms)
			LogAssemblyErrors (0ms)
			InitializePlatformSupportModulesInManaged (16ms)
			SetLoadedEditorAssemblies (18ms)
			BeforeProcessingInitializeOnLoad (236ms)
			ProcessInitializeOnLoadAttributes (494ms)
			ProcessInitializeOnLoadMethodAttributes (90ms)
			AfterProcessingInitializeOnLoad (7ms)
			EditorAssembliesLoaded (0ms)
		ExecutionOrderSort2 (0ms)
		AwakeInstancesAfterBackupRestoration (19ms)
Shader Hidden/ProbeVolume/VoxelizeScene is not supported: GPU does not support conservative rasterization
Refreshing native plugins compatible for Editor in 0.99 ms, found 1 plugins.
Preloading 0 native plugins for Editor in 0.00 ms.
Unloading 32 Unused Serialized files (Serialized files now loaded: 0)
Unloading 6813 unused Assets / (5.5 MB). Loaded Objects now: 7540.
Memory consumption went from 149.9 MB to 144.5 MB.
Total: 15.862762 ms (FindLiveObjects: 1.237025 ms CreateObjectMapping: 0.841135 ms MarkObjects: 9.309966 ms  DeleteObjects: 4.473285 ms)

Prepare: number of updated asset objects reloaded= 0
========================================================================
Received Prepare
[Licensing::Client] Successfully resolved entitlement details
Begin MonoManager ReloadAssembly
[Licensing::Client] Successfully resolved entitlement details
- Loaded All Assemblies, in  1.036 seconds
Refreshing native plugins compatible for Editor in 0.90 ms, found 1 plugins.
Native extension for LinuxStandalone target not found
Native extension for Android target not found
Native extension for WebGL target not found
[Package Manager] Failed to launch server process. Reason: Unity was launched with the -noUpm command-line argument
[Package Manager] Unable to send message (not connected to server process).
[Package Manager] Cannot connect to Unity Package Manager local server
Mono: successfully reloaded assembly
- Finished resetting the current domain, in  1.106 seconds
Domain Reload Profiling: 2146ms
	BeginReloadAssembly (262ms)
		ExecutionOrderSort (0ms)
		DisableScriptedObjects (26ms)
		BackupInstance (0ms)
		ReleaseScriptingObjects (0ms)
		CreateAndSetChildDomain (75ms)
	RebuildCommonClasses (58ms)
	RebuildNativeTypeToScriptingClass (15ms)
	initialDomainReloadingComplete (43ms)
	LoadAllAssembliesAndSetupDomain (660ms)
		LoadAssemblies (426ms)
		RebuildTransferFunctionScriptingTraits (0ms)
		AnalyzeDomain (312ms)
			TypeCache.Refresh (12ms)
				TypeCache.ScanAssembly (0ms)
			BuildScriptInfoCaches (277ms)
			ResolveRequiredComponents (17ms)
	FinalizeReload (1107ms)
		ReleaseScriptCaches (0ms)
		RebuildScriptCaches (0ms)
		SetupLoadedEditorAssemblies (855ms)
			LogAssemblyErrors (0ms)
			InitializePlatformSupportModulesInManaged (16ms)
			SetLoadedEditorAssemblies (17ms)
			BeforeProcessingInitializeOnLoad (209ms)
			ProcessInitializeOnLoadAttributes (514ms)
			ProcessInitializeOnLoadMethodAttributes (92ms)
			AfterProcessingInitializeOnLoad (7ms)
			EditorAssembliesLoaded (0ms)
		ExecutionOrderSort2 (0ms)
		AwakeInstancesAfterBackupRestoration (22ms)
Shader Hidden/ProbeVolume/VoxelizeScene is not supported: GPU does not support conservative rasterization
Refreshing native plugins compatible for Editor in 1.07 ms, found 1 plugins.
Preloading 0 native plugins for Editor in 0.00 ms.
Unloading 32 Unused Serialized files (Serialized files now loaded: 0)
Unloading 6813 unused Assets / (5.4 MB). Loaded Objects now: 7543.
Memory consumption went from 150.0 MB to 144.6 MB.
Total: 15.946024 ms (FindLiveObjects: 1.333590 ms CreateObjectMapping: 0.808892 ms MarkObjects: 9.239026 ms  DeleteObjects: 4.563170 ms)

Prepare: number of updated asset objects reloaded= 0
========================================================================
Received Prepare
Begin MonoManager ReloadAssembly
- Loaded All Assemblies, in  1.040 seconds
Refreshing native plugins compatible for Editor in 0.90 ms, found 1 plugins.
Native extension for LinuxStandalone target not found
Native extension for Android target not found
Native extension for WebGL target not found
[Package Manager] Failed to launch server process. Reason: Unity was launched with the -noUpm command-line argument
[Package Manager] Unable to send message (not connected to server process).
[Package Manager] Cannot connect to Unity Package Manager local server
Mono: successfully reloaded assembly
- Finished resetting the current domain, in  1.125 seconds
Domain Reload Profiling: 2169ms
	BeginReloadAssembly (252ms)
		ExecutionOrderSort (0ms)
		DisableScriptedObjects (24ms)
		BackupInstance (0ms)
		ReleaseScriptingObjects (0ms)
		CreateAndSetChildDomain (81ms)
	RebuildCommonClasses (58ms)
	RebuildNativeTypeToScriptingClass (16ms)
	initialDomainReloadingComplete (45ms)
	LoadAllAssembliesAndSetupDomain (672ms)
		LoadAssemblies (426ms)
		RebuildTransferFunctionScriptingTraits (0ms)
		AnalyzeDomain (318ms)
			TypeCache.Refresh (14ms)
				TypeCache.ScanAssembly (0ms)
			BuildScriptInfoCaches (280ms)
			ResolveRequiredComponents (18ms)
	FinalizeReload (1126ms)
		ReleaseScriptCaches (0ms)
		RebuildScriptCaches (0ms)
		SetupLoadedEditorAssemblies (866ms)
			LogAssemblyErrors (0ms)
			InitializePlatformSupportModulesInManaged (16ms)
			SetLoadedEditorAssemblies (18ms)
			BeforeProcessingInitializeOnLoad (229ms)
			ProcessInitializeOnLoadAttributes (501ms)
			ProcessInitializeOnLoadMethodAttributes (93ms)
			AfterProcessingInitializeOnLoad (8ms)
			EditorAssembliesLoaded (0ms)
		ExecutionOrderSort2 (0ms)
		AwakeInstancesAfterBackupRestoration (21ms)
Shader Hidden/ProbeVolume/VoxelizeScene is not supported: GPU does not support conservative rasterization
Refreshing native plugins compatible for Editor in 0.96 ms, found 1 plugins.
Preloading 0 native plugins for Editor in 0.00 ms.
Unloading 32 Unused Serialized files (Serialized files now loaded: 0)
Unloading 6813 unused Assets / (6.5 MB). Loaded Objects now: 7546.
Memory consumption went from 150.0 MB to 143.6 MB.
Total: 16.487681 ms (FindLiveObjects: 1.279828 ms CreateObjectMapping: 0.847206 ms MarkObjects: 8.616467 ms  DeleteObjects: 5.742718 ms)

Prepare: number of updated asset objects reloaded= 0
========================================================================
Received Prepare
[Licensing::Client] Successfully resolved entitlement details
Begin MonoManager ReloadAssembly
[Licensing::Client] Successfully resolved entitlement details
- Loaded All Assemblies, in  1.078 seconds
Refreshing native plugins compatible for Editor in 0.92 ms, found 1 plugins.
Native extension for LinuxStandalone target not found
Native extension for Android target not found
Native extension for WebGL target not found
[Package Manager] Failed to launch server process. Reason: Unity was launched with the -noUpm command-line argument
[Package Manager] Unable to send message (not connected to server process).
[Package Manager] Cannot connect to Unity Package Manager local server
Mono: successfully reloaded assembly
- Finished resetting the current domain, in  1.110 seconds
Domain Reload Profiling: 2191ms
	BeginReloadAssembly (273ms)
		ExecutionOrderSort (0ms)
		DisableScriptedObjects (26ms)
		BackupInstance (0ms)
		ReleaseScriptingObjects (0ms)
		CreateAndSetChildDomain (84ms)
	RebuildCommonClasses (64ms)
	RebuildNativeTypeToScriptingClass (18ms)
	initialDomainReloadingComplete (50ms)
	LoadAllAssembliesAndSetupDomain (676ms)
		LoadAssemblies (435ms)
		RebuildTransferFunctionScriptingTraits (0ms)
		AnalyzeDomain (321ms)
			TypeCache.Refresh (17ms)
				TypeCache.ScanAssembly (0ms)
			BuildScriptInfoCaches (282ms)
			ResolveRequiredComponents (17ms)
	FinalizeReload (1111ms)
		ReleaseScriptCaches (0ms)
		RebuildScriptCaches (0ms)
		SetupLoadedEditorAssemblies (851ms)
			LogAssemblyErrors (0ms)
			InitializePlatformSupportModulesInManaged (16ms)
			SetLoadedEditorAssemblies (17ms)
			BeforeProcessingInitializeOnLoad (215ms)
			ProcessInitializeOnLoadAttributes (499ms)
			ProcessInitializeOnLoadMethodAttributes (94ms)
			AfterProcessingInitializeOnLoad (8ms)
			EditorAssembliesLoaded (0ms)
		ExecutionOrderSort2 (0ms)
		AwakeInstancesAfterBackupRestoration (21ms)
Shader Hidden/ProbeVolume/VoxelizeScene is not supported: GPU does not support conservative rasterization
Refreshing native plugins compatible for Editor in 1.02 ms, found 1 plugins.
Preloading 0 native plugins for Editor in 0.00 ms.
Unloading 32 Unused Serialized files (Serialized files now loaded: 0)
Unloading 6813 unused Assets / (5.6 MB). Loaded Objects now: 7549.
Memory consumption went from 150.1 MB to 144.5 MB.
Total: 15.121573 ms (FindLiveObjects: 1.246398 ms CreateObjectMapping: 0.817009 ms MarkObjects: 8.576488 ms  DeleteObjects: 4.480178 ms)

Prepare: number of updated asset objects reloaded= 0
========================================================================
Received Prepare
Begin MonoManager ReloadAssembly
- Loaded All Assemblies, in  1.081 seconds
Refreshing native plugins compatible for Editor in 0.83 ms, found 1 plugins.
Native extension for LinuxStandalone target not found
Native extension for Android target not found
Native extension for WebGL target not found
[Package Manager] Failed to launch server process. Reason: Unity was launched with the -noUpm command-line argument
[Package Manager] Unable to send message (not connected to server process).
[Package Manager] Cannot connect to Unity Package Manager local server
Mono: successfully reloaded assembly
- Finished resetting the current domain, in  1.097 seconds
Domain Reload Profiling: 2181ms
	BeginReloadAssembly (276ms)
		ExecutionOrderSort (0ms)
		DisableScriptedObjects (26ms)
		BackupInstance (0ms)
		ReleaseScriptingObjects (0ms)
		CreateAndSetChildDomain (86ms)
	RebuildCommonClasses (64ms)
	RebuildNativeTypeToScriptingClass (18ms)
	initialDomainReloadingComplete (50ms)
	LoadAllAssembliesAndSetupDomain (675ms)
		LoadAssemblies (435ms)
		RebuildTransferFunctionScriptingTraits (0ms)
		AnalyzeDomain (319ms)
			TypeCache.Refresh (17ms)
				TypeCache.ScanAssembly (1ms)
			BuildScriptInfoCaches (279ms)
			ResolveRequiredComponents (17ms)
	FinalizeReload (1098ms)
		ReleaseScriptCaches (0ms)
		RebuildScriptCaches (0ms)
		SetupLoadedEditorAssemblies (843ms)
			LogAssemblyErrors (0ms)
			InitializePlatformSupportModulesInManaged (16ms)
			SetLoadedEditorAssemblies (18ms)
			BeforeProcessingInitializeOnLoad (212ms)
			ProcessInitializeOnLoadAttributes (502ms)
			ProcessInitializeOnLoadMethodAttributes (88ms)
			AfterProcessingInitializeOnLoad (7ms)
			EditorAssembliesLoaded (0ms)
		ExecutionOrderSort2 (0ms)
		AwakeInstancesAfterBackupRestoration (18ms)
Shader Hidden/ProbeVolume/VoxelizeScene is not supported: GPU does not support conservative rasterization
Refreshing native plugins compatible for Editor in 0.96 ms, found 1 plugins.
Preloading 0 native plugins for Editor in 0.00 ms.
Unloading 32 Unused Serialized files (Serialized files now loaded: 0)
Unloading 6813 unused Assets / (5.4 MB). Loaded Objects now: 7552.
Memory consumption went from 150.1 MB to 144.7 MB.
Total: 16.117102 ms (FindLiveObjects: 1.244219 ms CreateObjectMapping: 0.839397 ms MarkObjects: 9.549744 ms  DeleteObjects: 4.482319 ms)

Prepare: number of updated asset objects reloaded= 0
========================================================================
Received Prepare
[Licensing::Client] Successfully resolved entitlement details
Begin MonoManager ReloadAssembly
[Licensing::Client] Successfully resolved entitlement details
- Loaded All Assemblies, in  1.080 seconds
Refreshing native plugins compatible for Editor in 0.88 ms, found 1 plugins.
Native extension for LinuxStandalone target not found
Native extension for Android target not found
Native extension for WebGL target not found
[Package Manager] Failed to launch server process. Reason: Unity was launched with the -noUpm command-line argument
[Package Manager] Unable to send message (not connected to server process).
[Package Manager] Cannot connect to Unity Package Manager local server
Mono: successfully reloaded assembly
- Finished resetting the current domain, in  1.112 seconds
Domain Reload Profiling: 2195ms
	BeginReloadAssembly (292ms)
		ExecutionOrderSort (0ms)
		DisableScriptedObjects (26ms)
		BackupInstance (0ms)
		ReleaseScriptingObjects (0ms)
		CreateAndSetChildDomain (91ms)
	RebuildCommonClasses (58ms)
	RebuildNativeTypeToScriptingClass (16ms)
	initialDomainReloadingComplete (44ms)
	LoadAllAssembliesAndSetupDomain (673ms)
		LoadAssemblies (435ms)
		RebuildTransferFunctionScriptingTraits (0ms)
		AnalyzeDomain (326ms)
			TypeCache.Refresh (17ms)
				TypeCache.ScanAssembly (0ms)
			BuildScriptInfoCaches (286ms)
			ResolveRequiredComponents (18ms)
	FinalizeReload (1113ms)
		ReleaseScriptCaches (0ms)
		RebuildScriptCaches (0ms)
		SetupLoadedEditorAssemblies (854ms)
			LogAssemblyErrors (0ms)
			InitializePlatformSupportModulesInManaged (17ms)
			SetLoadedEditorAssemblies (17ms)
			BeforeProcessingInitializeOnLoad (212ms)
			ProcessInitializeOnLoadAttributes (510ms)
			ProcessInitializeOnLoadMethodAttributes (91ms)
			AfterProcessingInitializeOnLoad (7ms)
			EditorAssembliesLoaded (0ms)
		ExecutionOrderSort2 (0ms)
		AwakeInstancesAfterBackupRestoration (19ms)
Shader Hidden/ProbeVolume/VoxelizeScene is not supported: GPU does not support conservative rasterization
Refreshing native plugins compatible for Editor in 0.92 ms, found 1 plugins.
Preloading 0 native plugins for Editor in 0.00 ms.
Unloading 32 Unused Serialized files (Serialized files now loaded: 0)
Unloading 6813 unused Assets / (5.5 MB). Loaded Objects now: 7555.
Memory consumption went from 150.2 MB to 144.7 MB.
Total: 15.484727 ms (FindLiveObjects: 1.248696 ms CreateObjectMapping: 0.876503 ms MarkObjects: 8.955809 ms  DeleteObjects: 4.402361 ms)

Prepare: number of updated asset objects reloaded= 0
========================================================================
Received Prepare
Begin MonoManager ReloadAssembly
- Loaded All Assemblies, in  1.083 seconds
Refreshing native plugins compatible for Editor in 0.83 ms, found 1 plugins.
Native extension for LinuxStandalone target not found
Native extension for Android target not found
Native extension for WebGL target not found
[Package Manager] Failed to launch server process. Reason: Unity was launched with the -noUpm command-line argument
[Package Manager] Unable to send message (not connected to server process).
[Package Manager] Cannot connect to Unity Package Manager local server
Mono: successfully reloaded assembly
- Finished resetting the current domain, in  1.131 seconds
Domain Reload Profiling: 2217ms
	BeginReloadAssembly (275ms)
		ExecutionOrderSort (0ms)
		DisableScriptedObjects (26ms)
		BackupInstance (0ms)
		ReleaseScriptingObjects (0ms)
		CreateAndSetChildDomain (85ms)
	RebuildCommonClasses (67ms)
	RebuildNativeTypeToScriptingClass (18ms)
	initialDomainReloadingComplete (51ms)
	LoadAllAssembliesAndSetupDomain (673ms)
		LoadAssemblies (437ms)
		RebuildTransferFunctionScriptingTraits (0ms)
		AnalyzeDomain (318ms)
			TypeCache.Refresh (12ms)
				TypeCache.ScanAssembly (0ms)
			BuildScriptInfoCaches (283ms)
			ResolveRequiredComponents (18ms)
	FinalizeReload (1132ms)
		ReleaseScriptCaches (0ms)
		RebuildScriptCaches (0ms)
		SetupLoadedEditorAssemblies (874ms)
			LogAssemblyErrors (0ms)
			InitializePlatformSupportModulesInManaged (16ms)
			SetLoadedEditorAssemblies (18ms)
			BeforeProcessingInitializeOnLoad (216ms)
			ProcessInitializeOnLoadAttributes (523ms)
			ProcessInitializeOnLoadMethodAttributes (95ms)
			AfterProcessingInitializeOnLoad (7ms)
			EditorAssembliesLoaded (0ms)
		ExecutionOrderSort2 (0ms)
		AwakeInstancesAfterBackupRestoration (22ms)
Shader Hidden/ProbeVolume/VoxelizeScene is not supported: GPU does not support conservative rasterization
Refreshing native plugins compatible for Editor in 0.92 ms, found 1 plugins.
Preloading 0 native plugins for Editor in 0.00 ms.
Unloading 32 Unused Serialized files (Serialized files now loaded: 0)
Unloading 6813 unused Assets / (5.8 MB). Loaded Objects now: 7558.
Memory consumption went from 150.2 MB to 144.4 MB.
Total: 15.455793 ms (FindLiveObjects: 1.209125 ms CreateObjectMapping: 0.856857 ms MarkObjects: 8.553290 ms  DeleteObjects: 4.835025 ms)

Prepare: number of updated asset objects reloaded= 0
========================================================================
Received Prepare
[Licensing::Client] Successfully resolved entitlement details
Begin MonoManager ReloadAssembly
[Licensing::Client] Successfully resolved entitlement details
- Loaded All Assemblies, in  1.043 seconds
Refreshing native plugins compatible for Editor in 0.86 ms, found 1 plugins.
Native extension for LinuxStandalone target not found
Native extension for Android target not found
Native extension for WebGL target not found
[Package Manager] Failed to launch server process. Reason: Unity was launched with the -noUpm command-line argument
[Package Manager] Unable to send message (not connected to server process).
[Package Manager] Cannot connect to Unity Package Manager local server
Mono: successfully reloaded assembly
- Finished resetting the current domain, in  1.112 seconds
Domain Reload Profiling: 2159ms
	BeginReloadAssembly (256ms)
		ExecutionOrderSort (0ms)
		DisableScriptedObjects (23ms)
		BackupInstance (0ms)
		ReleaseScriptingObjects (0ms)
		CreateAndSetChildDomain (81ms)
	RebuildCommonClasses (56ms)
	RebuildNativeTypeToScriptingClass (16ms)
	initialDomainReloadingComplete (44ms)
	LoadAllAssembliesAndSetupDomain (674ms)
		LoadAssemblies (426ms)
		RebuildTransferFunctionScriptingTraits (0ms)
		AnalyzeDomain (322ms)
			TypeCache.Refresh (18ms)
				TypeCache.ScanAssembly (1ms)
			BuildScriptInfoCaches (282ms)
			ResolveRequiredComponents (18ms)
	FinalizeReload (1113ms)
		ReleaseScriptCaches (0ms)
		RebuildScriptCaches (0ms)
		SetupLoadedEditorAssemblies (859ms)
			LogAssemblyErrors (0ms)
			InitializePlatformSupportModulesInManaged (17ms)
			SetLoadedEditorAssemblies (17ms)
			BeforeProcessingInitializeOnLoad (215ms)
			ProcessInitializeOnLoadAttributes (511ms)
			ProcessInitializeOnLoadMethodAttributes (92ms)
			AfterProcessingInitializeOnLoad (7ms)
			EditorAssembliesLoaded (0ms)
		ExecutionOrderSort2 (0ms)
		AwakeInstancesAfterBackupRestoration (18ms)
Shader Hidden/ProbeVolume/VoxelizeScene is not supported: GPU does not support conservative rasterization
Refreshing native plugins compatible for Editor in 1.01 ms, found 1 plugins.
Preloading 0 native plugins for Editor in 0.00 ms.
Unloading 32 Unused Serialized files (Serialized files now loaded: 0)
Unloading 6813 unused Assets / (5.5 MB). Loaded Objects now: 7561.
Memory consumption went from 150.2 MB to 144.7 MB.
Total: 14.755788 ms (FindLiveObjects: 1.107648 ms CreateObjectMapping: 0.754442 ms MarkObjects: 8.396899 ms  DeleteObjects: 4.495502 ms)

Prepare: number of updated asset objects reloaded= 0
========================================================================
Received Import Request.
  Time since last request: 623.162381 seconds.
  path: Assets/Scenes/MainMenuScene.unity
  artifactKey: Guid(69092bef28ea6bd4a9263f2ce2dde425) Importer(815301076,1909f56bfc062723c751e8b465ee728b)
Start importing Assets/Scenes/MainMenuScene.unity using Guid(69092bef28ea6bd4a9263f2ce2dde425) Importer(815301076,1909f56bfc062723c751e8b465ee728b) (PreviewImporter) -> (artifact id: '7e0b367f083a3cc764a6ada4966c7897') in 0.002291033 seconds
Number of updated asset objects reloaded before import = 0Number of asset objects unloaded after import = 0

========================================================================
Received Prepare
[Licensing::Client] Successfully resolved entitlement details
Begin MonoManager ReloadAssembly
[Licensing::Client] Successfully resolved entitlement details
- Loaded All Assemblies, in  1.060 seconds
Refreshing native plugins compatible for Editor in 0.90 ms, found 1 plugins.
Native extension for LinuxStandalone target not found
Native extension for Android target not found
Native extension for WebGL target not found
[Package Manager] Failed to launch server process. Reason: Unity was launched with the -noUpm command-line argument
[Package Manager] Unable to send message (not connected to server process).
[Package Manager] Cannot connect to Unity Package Manager local server
Mono: successfully reloaded assembly
- Finished resetting the current domain, in  1.134 seconds
Domain Reload Profiling: 2196ms
	BeginReloadAssembly (268ms)
		ExecutionOrderSort (0ms)
		DisableScriptedObjects (27ms)
		BackupInstance (0ms)
		ReleaseScriptingObjects (0ms)
		CreateAndSetChildDomain (83ms)
	RebuildCommonClasses (57ms)
	RebuildNativeTypeToScriptingClass (16ms)
	initialDomainReloadingComplete (45ms)
	LoadAllAssembliesAndSetupDomain (676ms)
		LoadAssemblies (435ms)
		RebuildTransferFunctionScriptingTraits (0ms)
		AnalyzeDomain (318ms)
			TypeCache.Refresh (13ms)
				TypeCache.ScanAssembly (0ms)
			BuildScriptInfoCaches (282ms)
			ResolveRequiredComponents (18ms)
	FinalizeReload (1135ms)
		ReleaseScriptCaches (0ms)
		RebuildScriptCaches (0ms)
		SetupLoadedEditorAssemblies (878ms)
			LogAssemblyErrors (0ms)
			InitializePlatformSupportModulesInManaged (16ms)
			SetLoadedEditorAssemblies (17ms)
			BeforeProcessingInitializeOnLoad (220ms)
			ProcessInitializeOnLoadAttributes (519ms)
			ProcessInitializeOnLoadMethodAttributes (98ms)
			AfterProcessingInitializeOnLoad (8ms)
			EditorAssembliesLoaded (0ms)
		ExecutionOrderSort2 (0ms)
		AwakeInstancesAfterBackupRestoration (22ms)
Shader Hidden/ProbeVolume/VoxelizeScene is not supported: GPU does not support conservative rasterization
Refreshing native plugins compatible for Editor in 1.00 ms, found 1 plugins.
Preloading 0 native plugins for Editor in 0.00 ms.
Unloading 32 Unused Serialized files (Serialized files now loaded: 0)
Unloading 6813 unused Assets / (5.6 MB). Loaded Objects now: 7564.
Memory consumption went from 150.3 MB to 144.7 MB.
Total: 15.462626 ms (FindLiveObjects: 1.177397 ms CreateObjectMapping: 0.879974 ms MarkObjects: 8.665809 ms  DeleteObjects: 4.737998 ms)

Prepare: number of updated asset objects reloaded= 0
========================================================================
Received Import Request.
  Time since last request: 105.086338 seconds.
  path: Assets/Scenes/LogoGame.unity
  artifactKey: Guid(6eb59b656dc2c44f58240edcfd2c4963) Importer(815301076,1909f56bfc062723c751e8b465ee728b)
Start importing Assets/Scenes/LogoGame.unity using Guid(6eb59b656dc2c44f58240edcfd2c4963) Importer(815301076,1909f56bfc062723c751e8b465ee728b) (PreviewImporter) -> (artifact id: 'b3833b06ceab7f9ac2189d79b9332697') in 0.003690158 seconds
Number of updated asset objects reloaded before import = 0Number of asset objects unloaded after import = 0

========================================================================
Received Prepare
[Licensing::Client] Successfully resolved entitlement details
Begin MonoManager ReloadAssembly
[Licensing::Client] Successfully resolved entitlement details
- Loaded All Assemblies, in  1.079 seconds
Refreshing native plugins compatible for Editor in 0.95 ms, found 1 plugins.
Native extension for LinuxStandalone target not found
Native extension for Android target not found
Native extension for WebGL target not found
[Package Manager] Failed to launch server process. Reason: Unity was launched with the -noUpm command-line argument
[Package Manager] Unable to send message (not connected to server process).
[Package Manager] Cannot connect to Unity Package Manager local server
Mono: successfully reloaded assembly
- Finished resetting the current domain, in  1.129 seconds
Domain Reload Profiling: 2212ms
	BeginReloadAssembly (273ms)
		ExecutionOrderSort (0ms)
		DisableScriptedObjects (27ms)
		BackupInstance (0ms)
		ReleaseScriptingObjects (0ms)
		CreateAndSetChildDomain (87ms)
	RebuildCommonClasses (58ms)
	RebuildNativeTypeToScriptingClass (16ms)
	initialDomainReloadingComplete (44ms)
	LoadAllAssembliesAndSetupDomain (690ms)
		LoadAssemblies (449ms)
		RebuildTransferFunctionScriptingTraits (0ms)
		AnalyzeDomain (319ms)
			TypeCache.Refresh (13ms)
				TypeCache.ScanAssembly (0ms)
			BuildScriptInfoCaches (284ms)
			ResolveRequiredComponents (18ms)
	FinalizeReload (1130ms)
		ReleaseScriptCaches (0ms)
		RebuildScriptCaches (0ms)
		SetupLoadedEditorAssemblies (874ms)
			LogAssemblyErrors (0ms)
			InitializePlatformSupportModulesInManaged (16ms)
			SetLoadedEditorAssemblies (17ms)
			BeforeProcessingInitializeOnLoad (231ms)
			ProcessInitializeOnLoadAttributes (509ms)
			ProcessInitializeOnLoadMethodAttributes (94ms)
			AfterProcessingInitializeOnLoad (7ms)
			EditorAssembliesLoaded (0ms)
		ExecutionOrderSort2 (0ms)
		AwakeInstancesAfterBackupRestoration (18ms)
Shader Hidden/ProbeVolume/VoxelizeScene is not supported: GPU does not support conservative rasterization
Refreshing native plugins compatible for Editor in 0.95 ms, found 1 plugins.
Preloading 0 native plugins for Editor in 0.00 ms.
Unloading 32 Unused Serialized files (Serialized files now loaded: 0)
Unloading 6813 unused Assets / (5.4 MB). Loaded Objects now: 7567.
Memory consumption went from 150.3 MB to 144.8 MB.
Total: 15.092134 ms (FindLiveObjects: 1.282110 ms CreateObjectMapping: 0.736579 ms MarkObjects: 8.669144 ms  DeleteObjects: 4.402961 ms)

Prepare: number of updated asset objects reloaded= 0
========================================================================
Received Prepare
Begin MonoManager ReloadAssembly
- Loaded All Assemblies, in  1.086 seconds
Refreshing native plugins compatible for Editor in 0.88 ms, found 1 plugins.
Native extension for LinuxStandalone target not found
Native extension for Android target not found
Native extension for WebGL target not found
[Package Manager] Failed to launch server process. Reason: Unity was launched with the -noUpm command-line argument
[Package Manager] Unable to send message (not connected to server process).
[Package Manager] Cannot connect to Unity Package Manager local server
Mono: successfully reloaded assembly
- Finished resetting the current domain, in  1.113 seconds
Domain Reload Profiling: 2201ms
	BeginReloadAssembly (280ms)
		ExecutionOrderSort (0ms)
		DisableScriptedObjects (26ms)
		BackupInstance (0ms)
		ReleaseScriptingObjects (0ms)
		CreateAndSetChildDomain (92ms)
	RebuildCommonClasses (68ms)
	RebuildNativeTypeToScriptingClass (18ms)
	initialDomainReloadingComplete (51ms)
	LoadAllAssembliesAndSetupDomain (670ms)
		LoadAssemblies (441ms)
		RebuildTransferFunctionScriptingTraits (0ms)
		AnalyzeDomain (308ms)
			TypeCache.Refresh (11ms)
				TypeCache.ScanAssembly (0ms)
			BuildScriptInfoCaches (274ms)
			ResolveRequiredComponents (17ms)
	FinalizeReload (1113ms)
		ReleaseScriptCaches (0ms)
		RebuildScriptCaches (0ms)
		SetupLoadedEditorAssemblies (855ms)
			LogAssemblyErrors (0ms)
			InitializePlatformSupportModulesInManaged (16ms)
			SetLoadedEditorAssemblies (17ms)
			BeforeProcessingInitializeOnLoad (212ms)
			ProcessInitializeOnLoadAttributes (503ms)
			ProcessInitializeOnLoadMethodAttributes (99ms)
			AfterProcessingInitializeOnLoad (7ms)
			EditorAssembliesLoaded (0ms)
		ExecutionOrderSort2 (0ms)
		AwakeInstancesAfterBackupRestoration (19ms)
Shader Hidden/ProbeVolume/VoxelizeScene is not supported: GPU does not support conservative rasterization
Refreshing native plugins compatible for Editor in 0.99 ms, found 1 plugins.
Preloading 0 native plugins for Editor in 0.00 ms.
Unloading 32 Unused Serialized files (Serialized files now loaded: 0)
Unloading 6813 unused Assets / (6.6 MB). Loaded Objects now: 7570.
Memory consumption went from 150.4 MB to 143.7 MB.
Total: 14.716271 ms (FindLiveObjects: 1.258520 ms CreateObjectMapping: 0.747190 ms MarkObjects: 8.265909 ms  DeleteObjects: 4.443278 ms)

Prepare: number of updated asset objects reloaded= 0
========================================================================
Received Import Request.
  Time since last request: 100.256984 seconds.
  path: Assets/Scenes/MainMenuScene.unity
  artifactKey: Guid(69092bef28ea6bd4a9263f2ce2dde425) Importer(815301076,1909f56bfc062723c751e8b465ee728b)
Start importing Assets/Scenes/MainMenuScene.unity using Guid(69092bef28ea6bd4a9263f2ce2dde425) Importer(815301076,1909f56bfc062723c751e8b465ee728b) (PreviewImporter) -> (artifact id: '8c0a30a94c373db8d7f68c116a2150ff') in 0.003720745 seconds
Number of updated asset objects reloaded before import = 0Number of asset objects unloaded after import = 0

========================================================================
Received Prepare
[Licensing::Client] Successfully resolved entitlement details
Begin MonoManager ReloadAssembly
[Licensing::Client] Successfully resolved entitlement details
- Loaded All Assemblies, in  1.092 seconds
Refreshing native plugins compatible for Editor in 0.88 ms, found 1 plugins.
Native extension for LinuxStandalone target not found
Native extension for Android target not found
Native extension for WebGL target not found
[Package Manager] Failed to launch server process. Reason: Unity was launched with the -noUpm command-line argument
[Package Manager] Unable to send message (not connected to server process).
[Package Manager] Cannot connect to Unity Package Manager local server
Mono: successfully reloaded assembly
- Finished resetting the current domain, in  1.122 seconds
Domain Reload Profiling: 2217ms
	BeginReloadAssembly (292ms)
		ExecutionOrderSort (0ms)
		DisableScriptedObjects (26ms)
		BackupInstance (0ms)
		ReleaseScriptingObjects (0ms)
		CreateAndSetChildDomain (89ms)
	RebuildCommonClasses (67ms)
	RebuildNativeTypeToScriptingClass (16ms)
	initialDomainReloadingComplete (44ms)
	LoadAllAssembliesAndSetupDomain (676ms)
		LoadAssemblies (442ms)
		RebuildTransferFunctionScriptingTraits (0ms)
		AnalyzeDomain (325ms)
			TypeCache.Refresh (16ms)
				TypeCache.ScanAssembly (0ms)
			BuildScriptInfoCaches (286ms)
			ResolveRequiredComponents (18ms)
	FinalizeReload (1122ms)
		ReleaseScriptCaches (0ms)
		RebuildScriptCaches (0ms)
		SetupLoadedEditorAssemblies (860ms)
			LogAssemblyErrors (0ms)
			InitializePlatformSupportModulesInManaged (16ms)
			SetLoadedEditorAssemblies (17ms)
			BeforeProcessingInitializeOnLoad (215ms)
			ProcessInitializeOnLoadAttributes (509ms)
			ProcessInitializeOnLoadMethodAttributes (95ms)
			AfterProcessingInitializeOnLoad (7ms)
			EditorAssembliesLoaded (0ms)
		ExecutionOrderSort2 (0ms)
		AwakeInstancesAfterBackupRestoration (19ms)
Shader Hidden/ProbeVolume/VoxelizeScene is not supported: GPU does not support conservative rasterization
Refreshing native plugins compatible for Editor in 0.98 ms, found 1 plugins.
Preloading 0 native plugins for Editor in 0.00 ms.
Unloading 32 Unused Serialized files (Serialized files now loaded: 0)
Unloading 6813 unused Assets / (5.5 MB). Loaded Objects now: 7573.
Memory consumption went from 150.4 MB to 144.9 MB.
Total: 15.633620 ms (FindLiveObjects: 1.303705 ms CreateObjectMapping: 0.919119 ms MarkObjects: 8.873647 ms  DeleteObjects: 4.535884 ms)

Prepare: number of updated asset objects reloaded= 0
========================================================================
Received Prepare
[Licensing::Client] Successfully resolved entitlement details
Begin MonoManager ReloadAssembly
[Licensing::Client] Successfully resolved entitlement details
- Loaded All Assemblies, in  1.079 seconds
Refreshing native plugins compatible for Editor in 0.88 ms, found 1 plugins.
Native extension for LinuxStandalone target not found
Native extension for Android target not found
Native extension for WebGL target not found
[Package Manager] Failed to launch server process. Reason: Unity was launched with the -noUpm command-line argument
[Package Manager] Unable to send message (not connected to server process).
[Package Manager] Cannot connect to Unity Package Manager local server
Mono: successfully reloaded assembly
- Finished resetting the current domain, in  1.123 seconds
Domain Reload Profiling: 2206ms
	BeginReloadAssembly (282ms)
		ExecutionOrderSort (0ms)
		DisableScriptedObjects (27ms)
		BackupInstance (0ms)
		ReleaseScriptingObjects (0ms)
		CreateAndSetChildDomain (88ms)
	RebuildCommonClasses (59ms)
	RebuildNativeTypeToScriptingClass (16ms)
	initialDomainReloadingComplete (44ms)
	LoadAllAssembliesAndSetupDomain (681ms)
		LoadAssemblies (440ms)
		RebuildTransferFunctionScriptingTraits (0ms)
		AnalyzeDomain (321ms)
			TypeCache.Refresh (13ms)
				TypeCache.ScanAssembly (0ms)
			BuildScriptInfoCaches (285ms)
			ResolveRequiredComponents (18ms)
	FinalizeReload (1124ms)
		ReleaseScriptCaches (0ms)
		RebuildScriptCaches (0ms)
		SetupLoadedEditorAssemblies (859ms)
			LogAssemblyErrors (0ms)
			InitializePlatformSupportModulesInManaged (19ms)
			SetLoadedEditorAssemblies (16ms)
			BeforeProcessingInitializeOnLoad (211ms)
			ProcessInitializeOnLoadAttributes (506ms)
			ProcessInitializeOnLoadMethodAttributes (99ms)
			AfterProcessingInitializeOnLoad (7ms)
			EditorAssembliesLoaded (0ms)
		ExecutionOrderSort2 (0ms)
		AwakeInstancesAfterBackupRestoration (19ms)
Shader Hidden/ProbeVolume/VoxelizeScene is not supported: GPU does not support conservative rasterization
Refreshing native plugins compatible for Editor in 0.96 ms, found 1 plugins.
Preloading 0 native plugins for Editor in 0.00 ms.
Unloading 32 Unused Serialized files (Serialized files now loaded: 0)
Unloading 6813 unused Assets / (5.5 MB). Loaded Objects now: 7576.
Memory consumption went from 150.4 MB to 145.0 MB.
Total: 14.878350 ms (FindLiveObjects: 1.139524 ms CreateObjectMapping: 0.896213 ms MarkObjects: 8.350278 ms  DeleteObjects: 4.491000 ms)

Prepare: number of updated asset objects reloaded= 0
========================================================================
Received Prepare
Begin MonoManager ReloadAssembly
- Loaded All Assemblies, in  1.050 seconds
Refreshing native plugins compatible for Editor in 0.82 ms, found 1 plugins.
Native extension for LinuxStandalone target not found
Native extension for Android target not found
Native extension for WebGL target not found
[Package Manager] Failed to launch server process. Reason: Unity was launched with the -noUpm command-line argument
[Package Manager] Unable to send message (not connected to server process).
[Package Manager] Cannot connect to Unity Package Manager local server
Mono: successfully reloaded assembly
- Finished resetting the current domain, in  1.107 seconds
Domain Reload Profiling: 2161ms
	BeginReloadAssembly (269ms)
		ExecutionOrderSort (0ms)
		DisableScriptedObjects (27ms)
		BackupInstance (0ms)
		ReleaseScriptingObjects (0ms)
		CreateAndSetChildDomain (82ms)
	RebuildCommonClasses (59ms)
	RebuildNativeTypeToScriptingClass (16ms)
	initialDomainReloadingComplete (44ms)
	LoadAllAssembliesAndSetupDomain (665ms)
		LoadAssemblies (426ms)
		RebuildTransferFunctionScriptingTraits (0ms)
		AnalyzeDomain (318ms)
			TypeCache.Refresh (12ms)
				TypeCache.ScanAssembly (0ms)
			BuildScriptInfoCaches (283ms)
			ResolveRequiredComponents (17ms)
	FinalizeReload (1108ms)
		ReleaseScriptCaches (0ms)
		RebuildScriptCaches (0ms)
		SetupLoadedEditorAssemblies (852ms)
			LogAssemblyErrors (0ms)
			InitializePlatformSupportModulesInManaged (16ms)
			SetLoadedEditorAssemblies (16ms)
			BeforeProcessingInitializeOnLoad (212ms)
			ProcessInitializeOnLoadAttributes (509ms)
			ProcessInitializeOnLoadMethodAttributes (92ms)
			AfterProcessingInitializeOnLoad (7ms)
			EditorAssembliesLoaded (0ms)
		ExecutionOrderSort2 (0ms)
		AwakeInstancesAfterBackupRestoration (19ms)
Shader Hidden/ProbeVolume/VoxelizeScene is not supported: GPU does not support conservative rasterization
Refreshing native plugins compatible for Editor in 0.94 ms, found 1 plugins.
Preloading 0 native plugins for Editor in 0.00 ms.
Unloading 32 Unused Serialized files (Serialized files now loaded: 0)
Unloading 6813 unused Assets / (5.6 MB). Loaded Objects now: 7579.
Memory consumption went from 150.5 MB to 144.9 MB.
Total: 15.733721 ms (FindLiveObjects: 1.307926 ms CreateObjectMapping: 0.788895 ms MarkObjects: 8.976060 ms  DeleteObjects: 4.659318 ms)

Prepare: number of updated asset objects reloaded= 0
========================================================================
Received Prepare
Begin MonoManager ReloadAssembly
- Loaded All Assemblies, in  1.054 seconds
Refreshing native plugins compatible for Editor in 0.86 ms, found 1 plugins.
Native extension for LinuxStandalone target not found
Native extension for Android target not found
Native extension for WebGL target not found
[Licensing::Client] Successfully resolved entitlement details
[Package Manager] Failed to launch server process. Reason: Unity was launched with the -noUpm command-line argument
[Package Manager] Unable to send message (not connected to server process).
[Package Manager] Cannot connect to Unity Package Manager local server
Mono: successfully reloaded assembly
- Finished resetting the current domain, in  1.135 seconds
Domain Reload Profiling: 2193ms
	BeginReloadAssembly (266ms)
		ExecutionOrderSort (0ms)
		DisableScriptedObjects (24ms)
		BackupInstance (0ms)
		ReleaseScriptingObjects (0ms)
		CreateAndSetChildDomain (89ms)
	RebuildCommonClasses (58ms)
	RebuildNativeTypeToScriptingClass (15ms)
	initialDomainReloadingComplete (43ms)
	LoadAllAssembliesAndSetupDomain (676ms)
		LoadAssemblies (430ms)
		RebuildTransferFunctionScriptingTraits (0ms)
		AnalyzeDomain (320ms)
			TypeCache.Refresh (12ms)
				TypeCache.ScanAssembly (0ms)
			BuildScriptInfoCaches (286ms)
			ResolveRequiredComponents (17ms)
	FinalizeReload (1136ms)
		ReleaseScriptCaches (0ms)
		RebuildScriptCaches (0ms)
		SetupLoadedEditorAssemblies (876ms)
			LogAssemblyErrors (0ms)
			InitializePlatformSupportModulesInManaged (17ms)
			SetLoadedEditorAssemblies (21ms)
			BeforeProcessingInitializeOnLoad (233ms)
			ProcessInitializeOnLoadAttributes (506ms)
			ProcessInitializeOnLoadMethodAttributes (92ms)
			AfterProcessingInitializeOnLoad (7ms)
			EditorAssembliesLoaded (0ms)
		ExecutionOrderSort2 (0ms)
		AwakeInstancesAfterBackupRestoration (19ms)
Shader Hidden/ProbeVolume/VoxelizeScene is not supported: GPU does not support conservative rasterization
Refreshing native plugins compatible for Editor in 0.92 ms, found 1 plugins.
Preloading 0 native plugins for Editor in 0.00 ms.
Unloading 32 Unused Serialized files (Serialized files now loaded: 0)
Unloading 6813 unused Assets / (5.5 MB). Loaded Objects now: 7582.
Memory consumption went from 150.5 MB to 145.0 MB.
Total: 15.366956 ms (FindLiveObjects: 1.266668 ms CreateObjectMapping: 0.824508 ms MarkObjects: 8.855765 ms  DeleteObjects: 4.418568 ms)

Prepare: number of updated asset objects reloaded= 0
